Time (s),Nodes Explored,Pruned by,Bound Update,LB,UB,Rel. Gap,Abs. Gap,# Nodes
15.242,1, ,* L U,0.97053699,0.98186025,1.1532%,0.011323,2
29.603,2, ,* U  ,0.97053699,0.97900405,0.8649%,0.008467,3
51.272,3, , ,0.97053699,0.97900405,0.8649%,0.008467,4
58.144,4, , ,0.97053699,0.97900405,0.8649%,0.008467,5
77.963,5, , ,0.97053699,0.97900405,0.8649%,0.008467,6
103.384,6, , ,0.97053699,0.97900405,0.8649%,0.008467,7
109.659,7, ,* L  ,0.97053699,0.97900405,0.8649%,0.008467,8
129.628,8, , ,0.97053699,0.97900405,0.8649%,0.008467,9
144.015,9, , ,0.97053699,0.97900405,0.8649%,0.008467,10
154.596,10, , ,0.97053699,0.97900405,0.8649%,0.008467,11
160.71,11, ,* L  ,0.97073837,0.97900405,0.8443%,0.008266,12
166.801,12, , ,0.97073837,0.97900405,0.8443%,0.008266,13
173.349,13, ,* L  ,0.97075076,0.97900405,0.843%,0.008253,14
179.03,14,Bound, ,0.97075076,0.97900405,0.843%,0.008253,13
185.722,15, ,* L  ,0.97081378,0.97900405,0.8366%,0.00819,14
192.979,16, , ,0.97081378,0.97900405,0.8366%,0.00819,15
199.332,17,Bound,* L  ,0.97094746,0.97900405,0.8229%,0.008057,14
205.74,18,Bound, ,0.97094746,0.97900405,0.8229%,0.008057,13
215.391,19, ,* L  ,0.97103093,0.97900405,0.8144%,0.007973,14
227.424,20, , ,0.97103093,0.97900405,0.8144%,0.007973,15
239.26,21, , ,0.97103093,0.97900405,0.8144%,0.007973,16
248.002,22, , ,0.97103093,0.97900405,0.8144%,0.007973,17
259.765,23,Bound,* L  ,0.97143312,0.97900405,0.7733%,0.007571,16
286.599,24, , ,0.97143312,0.97900405,0.7733%,0.007571,17
303.296,25, , ,0.97143312,0.97900405,0.7733%,0.007571,18
311.185,26, , ,0.97143312,0.97900405,0.7733%,0.007571,19
344.563,27, , ,0.97143312,0.97900405,0.7733%,0.007571,20
438.884,28, , ,0.97143312,0.97900405,0.7733%,0.007571,21
582.737,29,Bound,* L  ,0.97174519,0.97900405,0.7415%,0.007259,20
592.373,30,Bound, ,0.97174519,0.97900405,0.7415%,0.007259,19
755.436,31, ,* L  ,0.97174606,0.97900405,0.7414%,0.007258,20
760.811,32, , ,0.97174606,0.97900405,0.7414%,0.007258,21
767.013,33, ,* L  ,0.97214738,0.97900405,0.7004%,0.006857,22
779.782,34,Bound, ,0.97214738,0.97900405,0.7004%,0.006857,21
819.736,35,Bound,* L  ,0.97216447,0.97900405,0.6986%,0.00684,20
826.459,36, , ,0.97216447,0.97900405,0.6986%,0.00684,21
834.452,37, ,* L  ,0.97219238,0.97900405,0.6958%,0.006812,22
841.534,38, , ,0.97219238,0.97900405,0.6958%,0.006812,23
848.064,39, ,* L  ,0.97263416,0.97900405,0.6506%,0.00637,24
855.657,40, , ,0.97263416,0.97900405,0.6506%,0.00637,25
861.781,41, ,* L  ,0.97321273,0.97900405,0.5916%,0.005791,26
868.342,42, , ,0.97321273,0.97900405,0.5916%,0.005791,27
874.682,43, ,* L  ,0.97345497,0.97900405,0.5668%,0.005549,28
880.762,44, , ,0.97345497,0.97900405,0.5668%,0.005549,29
887.504,45, ,* L  ,0.97347956,0.97900405,0.5643%,0.005524,30
893.734,46, , ,0.97347956,0.97900405,0.5643%,0.005524,31
900.32,47, ,* L  ,0.97348689,0.97900405,0.5635%,0.005517,32
907.733,48, , ,0.97348689,0.97900405,0.5635%,0.005517,33
913.906,49, ,* L  ,0.9734932,0.97900405,0.5629%,0.005511,34
920.373,50, , ,0.9734932,0.97900405,0.5629%,0.005511,35
926.829,51, ,* L  ,0.97359002,0.97900405,0.553%,0.005414,36
933.966,52, , ,0.97359002,0.97900405,0.553%,0.005414,37
940.101,53, ,* L  ,0.97364679,0.97900405,0.5472%,0.005357,38
946.132,54, , ,0.97364679,0.97900405,0.5472%,0.005357,39
952.511,55, ,* L  ,0.97364753,0.97900405,0.5471%,0.005357,40
958.598,56, , ,0.97364753,0.97900405,0.5471%,0.005357,41
965.091,57, ,* L  ,0.97367279,0.97900405,0.5446%,0.005331,42
1101.187,58, , ,0.97367279,0.97900405,0.5446%,0.005331,43
1112.44,59,Bound,* L  ,0.9736907,0.97900405,0.5427%,0.005313,42
1117.719,60, , ,0.9736907,0.97900405,0.5427%,0.005313,43
1123.176,61, ,* L  ,0.97374508,0.97900405,0.5372%,0.005259,44
1129.893,62, , ,0.97374508,0.97900405,0.5372%,0.005259,45
1136.026,63, ,* L  ,0.97375839,0.97900405,0.5358%,0.005246,46
1142.348,64, , ,0.97375839,0.97900405,0.5358%,0.005246,47
1148.968,65, ,* L  ,0.97382168,0.97900405,0.5294%,0.005182,48
1155.083,66, , ,0.97382168,0.97900405,0.5294%,0.005182,49
1160.29,67, ,* L  ,0.97387983,0.97900405,0.5234%,0.005124,50
1165.972,68, , ,0.97387983,0.97900405,0.5234%,0.005124,51
1171.52,69, ,* L  ,0.97402784,0.97900405,0.5083%,0.004976,52
1176.838,70, , ,0.97402784,0.97900405,0.5083%,0.004976,53
1182.393,71, ,* L  ,0.97419779,0.97900405,0.4909%,0.004806,54
1187.682,72, , ,0.97419779,0.97900405,0.4909%,0.004806,55
1193.193,73, ,* L  ,0.9742248,0.97900405,0.4882%,0.004779,56
1198.616,74, , ,0.9742248,0.97900405,0.4882%,0.004779,57
1204.247,75, ,* L  ,0.97436952,0.97900405,0.4734%,0.004635,58
1209.693,76, , ,0.97436952,0.97900405,0.4734%,0.004635,59
1215.275,77, ,* L  ,0.97441354,0.97900405,0.4689%,0.004591,60
1220.972,78, , ,0.97441354,0.97900405,0.4689%,0.004591,61
1226.07,79, ,* L  ,0.97441847,0.97900405,0.4684%,0.004586,62
1231.404,80, , ,0.97441847,0.97900405,0.4684%,0.004586,63
1236.653,81, ,* L  ,0.97442601,0.97900405,0.4676%,0.004578,64
1242.259,82, , ,0.97442601,0.97900405,0.4676%,0.004578,65
1247.718,83, ,* L  ,0.97443862,0.97900405,0.4663%,0.004565,66
1253.658,84, , ,0.97443862,0.97900405,0.4663%,0.004565,67
1258.979,85, ,* L  ,0.97444153,0.97900405,0.466%,0.004563,68
1264.295,86, , ,0.97444153,0.97900405,0.466%,0.004563,69
1269.458,87, ,* L  ,0.97445675,0.97900405,0.4645%,0.004547,70
1274.78,88, , ,0.97445675,0.97900405,0.4645%,0.004547,71
1280.323,89, ,* L  ,0.97445813,0.97900405,0.4643%,0.004546,72
1285.852,90, , ,0.97445813,0.97900405,0.4643%,0.004546,73
1291.856,91, ,* L  ,0.9744642,0.97900405,0.4637%,0.00454,74
1298.3,92, , ,0.9744642,0.97900405,0.4637%,0.00454,75
1305.04,93, ,* L  ,0.97447099,0.97900405,0.463%,0.004533,76
1310.885,94, , ,0.97447099,0.97900405,0.463%,0.004533,77
1316.967,95, ,* L  ,0.97447822,0.97900405,0.4623%,0.004526,78
1323.509,96, , ,0.97447822,0.97900405,0.4623%,0.004526,79
1328.781,97, ,* L  ,0.97448007,0.97900405,0.4621%,0.004524,80
1333.609,98, , ,0.97448007,0.97900405,0.4621%,0.004524,81
1338.49,99, ,* L  ,0.97448578,0.97900405,0.4615%,0.004518,82
1343.322,100, , ,0.97448578,0.97900405,0.4615%,0.004518,83
1348.442,101, ,* L  ,0.9744906,0.97900405,0.461%,0.004513,84
1353.679,102, , ,0.9744906,0.97900405,0.461%,0.004513,85
1358.574,103, ,* L  ,0.97449144,0.97900405,0.4609%,0.004513,86
1363.45,104, , ,0.97449144,0.97900405,0.4609%,0.004513,87
1368.684,105, ,* L  ,0.97449447,0.97900405,0.4606%,0.00451,88
1373.645,106, , ,0.97449447,0.97900405,0.4606%,0.00451,89
1378.702,107, ,* L  ,0.97449645,0.97900405,0.4604%,0.004508,90
1383.533,108, , ,0.97449645,0.97900405,0.4604%,0.004508,91
1388.785,109, ,* L  ,0.97449811,0.97900405,0.4603%,0.004506,92
1393.822,110, , ,0.97449811,0.97900405,0.4603%,0.004506,93
1398.83,111, ,* L  ,0.97449983,0.97900405,0.4601%,0.004504,94
1403.877,112, , ,0.97449983,0.97900405,0.4601%,0.004504,95
1409.335,113, ,* L  ,0.97450122,0.97900405,0.4599%,0.004503,96
1414.416,114, , ,0.97450122,0.97900405,0.4599%,0.004503,97
1419.485,115, ,* L  ,0.97450234,0.97900405,0.4598%,0.004502,98
1424.864,116, , ,0.97450234,0.97900405,0.4598%,0.004502,99
1430.157,117, ,* L  ,0.97450324,0.97900405,0.4597%,0.004501,100
1435.473,118, , ,0.97450324,0.97900405,0.4597%,0.004501,101
1440.745,119, ,* L  ,0.9745041,0.97900405,0.4596%,0.0045,102
1445.847,120, , ,0.9745041,0.97900405,0.4596%,0.0045,103
1450.863,121, ,* L  ,0.9745053,0.97900405,0.4595%,0.004499,104
1456.005,122, , ,0.9745053,0.97900405,0.4595%,0.004499,105
1461.115,123, ,* L  ,0.97450649,0.97900405,0.4594%,0.004498,106
1466.401,124, , ,0.97450649,0.97900405,0.4594%,0.004498,107
1471.398,125, ,* L  ,0.97450747,0.97900405,0.4593%,0.004497,108
1476.352,126, , ,0.97450747,0.97900405,0.4593%,0.004497,109
1481.52,127, ,* L  ,0.97450825,0.97900405,0.4592%,0.004496,110
1486.607,128, , ,0.97450825,0.97900405,0.4592%,0.004496,111
1491.893,129, ,* L  ,0.97450859,0.97900405,0.4592%,0.004495,112
1496.879,130, , ,0.97450859,0.97900405,0.4592%,0.004495,113
1501.908,131, ,* L  ,0.97450887,0.97900405,0.4592%,0.004495,114
1506.179,132, , ,0.97450887,0.97900405,0.4592%,0.004495,115
1510.238,133, ,* L  ,0.97450887,0.97900405,0.4592%,0.004495,116
1514.504,134, , ,0.97450887,0.97900405,0.4592%,0.004495,117
1518.641,135, , ,0.97450887,0.97900405,0.4592%,0.004495,118
1522.847,136, , ,0.97450887,0.97900405,0.4592%,0.004495,119
1527.11,137, ,* L  ,0.97451073,0.97900405,0.459%,0.004493,120
1532.066,138, , ,0.97451073,0.97900405,0.459%,0.004493,121
1537.021,139, ,* L  ,0.97451145,0.97900405,0.4589%,0.004493,122
1541.089,140, , ,0.97451145,0.97900405,0.4589%,0.004493,123
1545.295,141, ,* L  ,0.97451145,0.97900405,0.4589%,0.004493,124
1549.545,142, , ,0.97451145,0.97900405,0.4589%,0.004493,125
1553.706,143, , ,0.97451145,0.97900405,0.4589%,0.004493,126
1557.866,144, , ,0.97451145,0.97900405,0.4589%,0.004493,127
1562.015,145, ,* L  ,0.97451213,0.97900405,0.4588%,0.004492,128
1566.998,146, , ,0.97451213,0.97900405,0.4588%,0.004492,129
1571.994,147, ,* L  ,0.97451237,0.97900405,0.4588%,0.004492,130
1576.395,148, , ,0.97451237,0.97900405,0.4588%,0.004492,131
1580.83,149, ,* L  ,0.97451237,0.97900405,0.4588%,0.004492,132
1585.277,150, , ,0.97451237,0.97900405,0.4588%,0.004492,133
1589.739,151, , ,0.97451237,0.97900405,0.4588%,0.004492,134
1593.852,152, , ,0.97451237,0.97900405,0.4588%,0.004492,135
1597.955,153, ,* L  ,0.97451256,0.97900405,0.4588%,0.004491,136
1602.074,154, , ,0.97451256,0.97900405,0.4588%,0.004491,137
1606.281,155, ,* L  ,0.97451256,0.97900405,0.4588%,0.004491,138
1610.521,156, , ,0.97451256,0.97900405,0.4588%,0.004491,139
1614.63,157, , ,0.97451256,0.97900405,0.4588%,0.004491,140
1618.723,158, , ,0.97451256,0.97900405,0.4588%,0.004491,141
1622.836,159, ,* L  ,0.97451273,0.97900405,0.4588%,0.004491,142
1627.89,160, , ,0.97451273,0.97900405,0.4588%,0.004491,143
1632.817,161, ,* L  ,0.97451281,0.97900405,0.4588%,0.004491,144
1637.038,162, , ,0.97451281,0.97900405,0.4588%,0.004491,145
1641.235,163, ,* L  ,0.97451281,0.97900405,0.4588%,0.004491,146
1645.734,164, , ,0.97451281,0.97900405,0.4588%,0.004491,147
1650.121,165, , ,0.97451281,0.97900405,0.4588%,0.004491,148
1654.412,166, , ,0.97451281,0.97900405,0.4588%,0.004491,149
1658.613,167, ,* L  ,0.97451293,0.97900405,0.4587%,0.004491,150
1663.912,168, , ,0.97451293,0.97900405,0.4587%,0.004491,151
1669.031,169, ,* L  ,0.97451319,0.97900405,0.4587%,0.004491,152
1673.479,170, , ,0.97451319,0.97900405,0.4587%,0.004491,153
1677.631,171, ,* L  ,0.97451319,0.97900405,0.4587%,0.004491,154
1681.797,172, , ,0.97451319,0.97900405,0.4587%,0.004491,155
1685.947,173, , ,0.97451319,0.97900405,0.4587%,0.004491,156
1690.294,174, , ,0.97451319,0.97900405,0.4587%,0.004491,157
1694.498,175, ,* L  ,0.97451385,0.97900405,0.4587%,0.00449,158
1699.717,176, , ,0.97451385,0.97900405,0.4587%,0.00449,159
1705.014,177, ,* L  ,0.97451393,0.97900405,0.4586%,0.00449,160
1710.495,178, , ,0.97451393,0.97900405,0.4586%,0.00449,161
1715.461,179, ,* L  ,0.9745141,0.97900405,0.4586%,0.00449,162
1720.675,180, , ,0.9745141,0.97900405,0.4586%,0.00449,163
1725.718,181, ,* L  ,0.97451451,0.97900405,0.4586%,0.00449,164
1730.809,182, , ,0.97451451,0.97900405,0.4586%,0.00449,165
1735.949,183, ,* L  ,0.97451455,0.97900405,0.4586%,0.00449,166
1741.024,184, , ,0.97451455,0.97900405,0.4586%,0.00449,167
1745.904,185, ,* L  ,0.97451456,0.97900405,0.4586%,0.004489,168
1750.621,186, , ,0.97451456,0.97900405,0.4586%,0.004489,169
1755.395,187, ,* L  ,0.97451459,0.97900405,0.4586%,0.004489,170
1760.716,188, , ,0.97451459,0.97900405,0.4586%,0.004489,171
1766.205,189, ,* L  ,0.97451483,0.97900405,0.4585%,0.004489,172
1771.206,190, , ,0.97451483,0.97900405,0.4585%,0.004489,173
1776.506,191, ,* L  ,0.97451506,0.97900405,0.4585%,0.004489,174
1781.601,192, , ,0.97451506,0.97900405,0.4585%,0.004489,175
1786.813,193, ,* L  ,0.97451509,0.97900405,0.4585%,0.004489,176
1791.538,194, , ,0.97451509,0.97900405,0.4585%,0.004489,177
1795.683,195, ,* L  ,0.97451509,0.97900405,0.4585%,0.004489,178
1800.288,196, , ,0.97451509,0.97900405,0.4585%,0.004489,179

