Time (s),Nodes Explored,Pruned by,Bound Update,LB,UB,Rel. Gap (%),Abs. Gap,# Nodes
1.956454,1,,L U,0.9440015026686253,0.9508536975232891,0.720636,0.00685219,2
3.247963,2,,U,0.9440015026686253,0.9506821218062664,0.702718,0.00668062,3
4.587559,3,,,0.9440015026686253,0.9506821218062664,0.702718,0.00668062,4
6.10653,4,,U,0.9440015026686253,0.9506821218059739,0.702718,0.00668062,5
8.570107,5,Bound,,0.9440015026686253,0.9506821218059739,0.702718,0.00668062,4
9.515606,6,,,0.9440015026686253,0.9506821218059739,0.702718,0.00668062,5
10.577012,7,,,0.9440015026686253,0.9506821218059739,0.702718,0.00668062,6
11.932072,8,,,0.9440015026686253,0.9506821218059739,0.702718,0.00668062,7
12.835491,9,,,0.9440015026686253,0.9506821218059739,0.702718,0.00668062,8
14.069003,10,,,0.9440015026686253,0.9506821218059739,0.702718,0.00668062,9
14.958871,11,,,0.9440015026686253,0.9506821218059739,0.702718,0.00668062,10
15.831475,12,,,0.9440015026686253,0.9506821218059739,0.702718,0.00668062,11
16.776916,13,,,0.9440015026686253,0.9506821218059739,0.702718,0.00668062,12
17.62475,14,,,0.9440015026686253,0.9506821218059739,0.702718,0.00668062,13
18.574461,15,,,0.9440015026686253,0.9506821218059739,0.702718,0.00668062,14
19.488904,16,,,0.9440015026686253,0.9506821218059739,0.702718,0.00668062,15
20.365663,17,,,0.9440015026686253,0.9506821218059739,0.702718,0.00668062,16
21.21946,18,,,0.9440015026686253,0.9506821218059739,0.702718,0.00668062,17
22.077581,19,,,0.9440015026686253,0.9506821218059739,0.702718,0.00668062,18
22.961569,20,,,0.9440015026686253,0.9506821218059739,0.702718,0.00668062,19
23.809094,21,,,0.9440015026686253,0.9506821218059739,0.702718,0.00668062,20
25.054569,22,,,0.9440015026686253,0.9506821218059739,0.702718,0.00668062,21
25.941544,23,,,0.9440015026686253,0.9506821218059739,0.702718,0.00668062,22
27.149849,24,,,0.9440015026686253,0.9506821218059739,0.702718,0.00668062,23
28.011425,25,,L,0.9444776098090679,0.9506821218059739,0.652638,0.00620451,24
28.891397,26,,,0.9444776098090679,0.9506821218059739,0.652638,0.00620451,25
29.788557,27,,L,0.9444776098112877,0.9506821218059739,0.652638,0.00620451,26
30.755806,28,,,0.9444776098112877,0.9506821218059739,0.652638,0.00620451,27
31.700551,29,,L,0.9444776098135079,0.9506821218059739,0.652638,0.00620451,28
32.574407,30,,,0.9444776098135079,0.9506821218059739,0.652638,0.00620451,29
33.497283,31,,L,0.9444776098157283,0.9506821218059739,0.652638,0.00620451,30
34.363456,32,,,0.9444776098157283,0.9506821218059739,0.652638,0.00620451,31
35.245824,33,,L,0.9448151383429337,0.9506821218059739,0.617134,0.00586698,32
36.153119,34,,,0.9448151383429337,0.9506821218059739,0.617134,0.00586698,33
37.343534,35,,L,0.9448151383439876,0.9506821218059739,0.617134,0.00586698,34
38.275897,36,,,0.9448151383439876,0.9506821218059739,0.617134,0.00586698,35
39.142903,37,,L,0.9448151383450416,0.9506821218059739,0.617134,0.00586698,36
40.069226,38,,,0.9448151383450416,0.9506821218059739,0.617134,0.00586698,37
40.93183,39,,L,0.9448159724998619,0.9506821218059739,0.617046,0.00586615,38
41.828931,40,,,0.9448159724998619,0.9506821218059739,0.617046,0.00586615,39
42.709705,41,,,0.9448159724998619,0.9506821218059739,0.617046,0.00586615,40
43.619278,42,,,0.9448159724998619,0.9506821218059739,0.617046,0.00586615,41
44.457389,43,,,0.9448159724998619,0.9506821218059739,0.617046,0.00586615,42
45.314036,44,,,0.9448159724998619,0.9506821218059739,0.617046,0.00586615,43
46.202795,45,,,0.9448159724998619,0.9506821218059739,0.617046,0.00586615,44
47.052745,46,,,0.9448159724998619,0.9506821218059739,0.617046,0.00586615,45
47.905861,47,,,0.9448159724998619,0.9506821218059739,0.617046,0.00586615,46
48.866774,48,,,0.9448159724998619,0.9506821218059739,0.617046,0.00586615,47
49.82494,49,,,0.9448159724998619,0.9506821218059739,0.617046,0.00586615,48
50.804227,50,,,0.9448159724998619,0.9506821218059739,0.617046,0.00586615,49
51.754551,51,,,0.9448159724998619,0.9506821218059739,0.617046,0.00586615,50
52.51143,52,,,0.9448159724998619,0.9506821218059739,0.617046,0.00586615,51
53.283197,53,,,0.9448159724998619,0.9506821218059739,0.617046,0.00586615,52
54.229952,54,,,0.9448159724998619,0.9506821218059739,0.617046,0.00586615,53
55.204633,55,,,0.9448159724998619,0.9506821218059739,0.617046,0.00586615,54
56.27871,56,,,0.9448159724998619,0.9506821218059739,0.617046,0.00586615,55
57.057722,57,,,0.9448159724998619,0.9506821218059739,0.617046,0.00586615,56
57.745783,58,,,0.9448159724998619,0.9506821218059739,0.617046,0.00586615,57
58.533881,59,,,0.9448159724998619,0.9506821218059739,0.617046,0.00586615,58
59.360898,60,,,0.9448159724998619,0.9506821218059739,0.617046,0.00586615,59
60.329292,61,,,0.9448159724998619,0.9506821218059739,0.617046,0.00586615,60
61.415046,62,,,0.9448159724998619,0.9506821218059739,0.617046,0.00586615,61
62.215143,63,,,0.9448159724998619,0.9506821218059739,0.617046,0.00586615,62
63.01404,64,,,0.9448159724998619,0.9506821218059739,0.617046,0.00586615,63
63.841717,65,,,0.9448159724998619,0.9506821218059739,0.617046,0.00586615,64
64.900605,66,,,0.9448159724998619,0.9506821218059739,0.617046,0.00586615,65
65.738837,67,,,0.9448159724998619,0.9506821218059739,0.617046,0.00586615,66
66.804276,68,,,0.9448159724998619,0.9506821218059739,0.617046,0.00586615,67
67.629255,69,,,0.9448159724998619,0.9506821218059739,0.617046,0.00586615,68
68.424632,70,,,0.9448159724998619,0.9506821218059739,0.617046,0.00586615,69
69.232769,71,,,0.9448159724998619,0.9506821218059739,0.617046,0.00586615,70
70.259284,72,,,0.9448159724998619,0.9506821218059739,0.617046,0.00586615,71
71.087909,73,,L,0.9448159725020828,0.9506821218059739,0.617046,0.00586615,72
71.884892,74,,,0.9448159725020828,0.9506821218059739,0.617046,0.00586615,73
72.713078,75,,,0.9448159725020828,0.9506821218059739,0.617046,0.00586615,74
73.747838,76,,,0.9448159725020828,0.9506821218059739,0.617046,0.00586615,75
74.535262,77,,L,0.9448159725043042,0.9506821218059739,0.617046,0.00586615,76
75.596799,78,,,0.9448159725043042,0.9506821218059739,0.617046,0.00586615,77
76.382088,79,,L,0.944816754819347,0.9506821218059739,0.616964,0.00586537,78
77.448102,80,,,0.944816754819347,0.9506821218059739,0.616964,0.00586537,79
78.249844,81,,L,0.9448169555364367,0.9506821218059739,0.616943,0.00586517,80
78.916133,82,,,0.9448169555364367,0.9506821218059739,0.616943,0.00586517,81
79.557672,83,,L,0.9448169555372965,0.9506821218059739,0.616943,0.00586517,82
80.419716,84,,,0.9448169555372965,0.9506821218059739,0.616943,0.00586517,83
81.074185,85,,,0.9448169555372965,0.9506821218059739,0.616943,0.00586517,84
81.948756,86,,,0.9448169555372965,0.9506821218059739,0.616943,0.00586517,85
82.600381,87,,L,0.9448171785083465,0.9506821218059739,0.616919,0.00586494,86
83.249951,88,,,0.9448171785083465,0.9506821218059739,0.616919,0.00586494,87
83.907152,89,,L,0.9448171785092061,0.9506821218059739,0.616919,0.00586494,88
84.882604,90,,,0.9448171785092061,0.9506821218059739,0.616919,0.00586494,89
85.618407,91,,,0.9448171785092061,0.9506821218059739,0.616919,0.00586494,90
86.504315,92,,,0.9448171785092061,0.9506821218059739,0.616919,0.00586494,91
87.352535,93,,L,0.9448171785100656,0.9506821218059739,0.616919,0.00586494,92
88.493054,94,,,0.9448171785100656,0.9506821218059739,0.616919,0.00586494,93
89.277969,95,,,0.9448171785100656,0.9506821218059739,0.616919,0.00586494,94
90.307111,96,,,0.9448171785100656,0.9506821218059739,0.616919,0.00586494,95
91.043378,97,,L,0.9448174261967179,0.9506821218059739,0.616893,0.0058647,96
91.782563,98,,,0.9448174261967179,0.9506821218059739,0.616893,0.0058647,97
92.507913,99,,L,0.9448174261975772,0.9506821218059739,0.616893,0.0058647,98
93.525789,100,,,0.9448174261975772,0.9506821218059739,0.616893,0.0058647,99
94.291177,101,,,0.9448174261975772,0.9506821218059739,0.616893,0.0058647,100
95.325231,102,,,0.9448174261975772,0.9506821218059739,0.616893,0.0058647,101
96.106393,103,,L,0.9448174261984366,0.9506821218059739,0.616893,0.0058647,102
97.13637,104,,,0.9448174261984366,0.9506821218059739,0.616893,0.0058647,103
97.88285,105,,,0.9448174261984366,0.9506821218059739,0.616893,0.0058647,104
98.889666,106,,,0.9448174261984366,0.9506821218059739,0.616893,0.0058647,105
99.60123,107,,L,0.9448177013340912,0.9506821218059739,0.616864,0.00586442,106
100.350169,108,,,0.9448177013340912,0.9506821218059739,0.616864,0.00586442,107
101.109125,109,,L,0.9448177013349502,0.9506821218059739,0.616864,0.00586442,108
102.120534,110,,,0.9448177013349502,0.9506821218059739,0.616864,0.00586442,109
102.846132,111,,,0.9448177013349502,0.9506821218059739,0.616864,0.00586442,110
103.821078,112,,,0.9448177013349502,0.9506821218059739,0.616864,0.00586442,111
104.60248,113,,L,0.9448177013358094,0.9506821218059739,0.616864,0.00586442,112
105.665254,114,,,0.9448177013358094,0.9506821218059739,0.616864,0.00586442,113
106.444209,115,,,0.9448177013358094,0.9506821218059739,0.616864,0.00586442,114
107.210076,116,,,0.9448177013358094,0.9506821218059739,0.616864,0.00586442,115
108.307599,117,,L,0.944818006953663,0.9506821218059739,0.616832,0.00586411,116
109.25097,118,,,0.944818006953663,0.9506821218059739,0.616832,0.00586411,117
110.487609,119,,L,0.9448180069555165,0.9506821218059739,0.616832,0.00586411,118
111.831291,120,,,0.9448180069555165,0.9506821218059739,0.616832,0.00586411,119
113.050476,121,,L,0.944851367976031,0.9506821218059739,0.613323,0.00583075,120
114.315648,122,,,0.944851367976031,0.9506821218059739,0.613323,0.00583075,121
115.231188,123,,L,0.9448513679778148,0.9506821218059739,0.613323,0.00583075,122
116.455237,124,,,0.9448513679778148,0.9506821218059739,0.613323,0.00583075,123
117.344844,125,,L,0.9448862523188167,0.9506821218059739,0.609654,0.00579587,124
118.248196,126,,,0.9448862523188167,0.9506821218059739,0.609654,0.00579587,125
119.501833,127,,L,0.9448862523205199,0.9506821218059739,0.609654,0.00579587,126
120.816296,128,,,0.9448862523205199,0.9506821218059739,0.609654,0.00579587,127
121.749945,129,,L,0.944886252322223,0.9506821218059739,0.609654,0.00579587,128
123.000561,130,,,0.944886252322223,0.9506821218059739,0.609654,0.00579587,129
123.960433,131,,L,0.9450905844852067,0.9506821218059739,0.588161,0.00559154,130
125.043966,132,,,0.9450905844852067,0.9506821218059739,0.588161,0.00559154,131
126.24275,133,,L,0.9450905844864559,0.9506821218059739,0.588161,0.00559154,132
128.984269,134,,,0.9450905844864559,0.9506821218059739,0.588161,0.00559154,133
130.004311,135,,L,0.9450905844877051,0.9506821218059739,0.588161,0.00559154,134
131.257605,136,,,0.9450905844877051,0.9506821218059739,0.588161,0.00559154,135
132.231229,137,,L,0.9450966835887972,0.9506821218059739,0.587519,0.00558544,136
133.523779,138,,,0.9450966835887972,0.9506821218059739,0.587519,0.00558544,137
134.508462,139,,L,0.9451151984426075,0.9506821218059739,0.585571,0.00556692,138
135.810703,140,,,0.9451151984426075,0.9506821218059739,0.585571,0.00556692,139
136.757568,141,,L,0.9451202198753105,0.9506821218059739,0.585043,0.0055619,140
138.036384,142,,,0.9451202198753105,0.9506821218059739,0.585043,0.0055619,141
139.058012,143,,L,0.9451202198765392,0.9506821218059739,0.585043,0.0055619,142
140.363523,144,,,0.9451202198765392,0.9506821218059739,0.585043,0.0055619,143
141.373832,145,,L,0.9451235156379256,0.9506821218059739,0.584697,0.00555861,144
142.420724,146,,,0.9451235156379256,0.9506821218059739,0.584697,0.00555861,145
143.403732,147,,L,0.945123515639169,0.9506821218059739,0.584697,0.00555861,146
144.658036,148,,,0.945123515639169,0.9506821218059739,0.584697,0.00555861,147
145.727536,149,,L,0.9451235156404123,0.9506821218059739,0.584697,0.00555861,148
147.026908,150,,,0.9451235156404123,0.9506821218059739,0.584697,0.00555861,149
148.01684,151,,L,0.9451253526436876,0.9506821218059739,0.584503,0.00555677,150
149.273364,152,,,0.9451253526436876,0.9506821218059739,0.584503,0.00555677,151
150.507726,153,,L,0.9451281991870768,0.9506821218059739,0.584204,0.00555392,152
151.768609,154,,,0.9451281991870768,0.9506821218059739,0.584204,0.00555392,153
152.942877,155,,L,0.9451480543486934,0.9506821218059739,0.582115,0.00553407,154
153.881936,156,,,0.9451480543486934,0.9506821218059739,0.582115,0.00553407,155
155.28552,157,,L,0.945150546887084,0.9506821218059739,0.581853,0.00553157,156
156.195136,158,,,0.945150546887084,0.9506821218059739,0.581853,0.00553157,157
157.473832,159,,L,0.9451530333343603,0.9506821218059739,0.581592,0.00552909,158
158.199416,160,,,0.9451530333343603,0.9506821218059739,0.581592,0.00552909,159
159.283586,161,,,0.9451530333343603,0.9506821218059739,0.581592,0.00552909,160
160.375758,162,,,0.9451530333343603,0.9506821218059739,0.581592,0.00552909,161
161.120414,163,,L,0.9451533092387788,0.9506821218059739,0.581563,0.00552881,162
162.445488,164,,,0.9451533092387788,0.9506821218059739,0.581563,0.00552881,163
163.508917,165,,L,0.945155117503093,0.9506821218059739,0.581372,0.005527,164
164.510583,166,,,0.945155117503093,0.9506821218059739,0.581372,0.005527,165
165.817022,167,,L,0.9451553182200694,0.9506821218059739,0.581351,0.0055268,166
166.58856,168,,,0.9451553182200694,0.9506821218059739,0.581351,0.0055268,167
167.327887,169,,,0.9451553182200694,0.9506821218059739,0.581351,0.0055268,168
168.396799,170,,,0.9451553182200694,0.9506821218059739,0.581351,0.0055268,169
169.473993,171,,L,0.9451563696392831,0.9506821218059739,0.581241,0.00552575,170
170.493573,172,,,0.9451563696392831,0.9506821218059739,0.581241,0.00552575,171
171.85786,173,,L,0.9451564642621851,0.9506821218059739,0.581231,0.00552566,172
172.871346,174,,,0.9451564642621851,0.9506821218059739,0.581231,0.00552566,173
174.090766,175,,L,0.9451564642634044,0.9506821218059739,0.581231,0.00552566,174
175.324514,176,,,0.9451564642634044,0.9506821218059739,0.581231,0.00552566,175
176.320309,177,,L,0.9451897306615116,0.9506821218059739,0.577732,0.00549239,176
177.225155,178,,,0.9451897306615116,0.9506821218059739,0.577732,0.00549239,177
178.535995,179,,L,0.9452246150058392,0.9506821218059739,0.574062,0.00545751,178
179.465269,180,,,0.9452246150058392,0.9506821218059739,0.574062,0.00545751,179
180.888792,181,,L,0.94540725761505,0.9506821218059739,0.55485,0.00527486,180
181.906482,182,,,0.94540725761505,0.9506821218059739,0.55485,0.00527486,181
182.90273,183,,,0.94540725761505,0.9506821218059739,0.55485,0.00527486,182
183.788595,184,,,0.94540725761505,0.9506821218059739,0.55485,0.00527486,183
184.664908,185,,,0.94540725761505,0.9506821218059739,0.55485,0.00527486,184
185.736429,186,,,0.94540725761505,0.9506821218059739,0.55485,0.00527486,185
186.80617,187,,,0.94540725761505,0.9506821218059739,0.55485,0.00527486,186
188.109069,188,,,0.94540725761505,0.9506821218059739,0.55485,0.00527486,187
189.001392,189,,,0.94540725761505,0.9506821218059739,0.55485,0.00527486,188
190.207256,190,,,0.94540725761505,0.9506821218059739,0.55485,0.00527486,189
192.033817,191,,,0.94540725761505,0.9506821218059739,0.55485,0.00527486,190
192.971049,192,,,0.94540725761505,0.9506821218059739,0.55485,0.00527486,191
193.870567,193,,,0.94540725761505,0.9506821218059739,0.55485,0.00527486,192
195.114922,194,,,0.94540725761505,0.9506821218059739,0.55485,0.00527486,193
196.053156,195,,L,0.9454089102713152,0.9506821218059739,0.554677,0.00527321,194
196.974657,196,,,0.9454089102713152,0.9506821218059739,0.554677,0.00527321,195
198.26864,197,,L,0.9454375793261618,0.9506821218059739,0.551661,0.00524454,196
199.612486,198,,,0.9454375793261618,0.9506821218059739,0.551661,0.00524454,197
201.002492,199,,L,0.9454602810310919,0.9506821218059739,0.549273,0.00522184,198
202.31274,200,,,0.9454602810310919,0.9506821218059739,0.549273,0.00522184,199
203.229016,201,,L,0.9454627735694776,0.9506821218059739,0.549011,0.00521935,200
204.60304,202,,,0.9454627735694776,0.9506821218059739,0.549011,0.00521935,201
205.635731,203,,L,0.9454652600157738,0.9506821218059739,0.548749,0.00521686,202
206.500619,204,,,0.9454652600157738,0.9506821218059739,0.548749,0.00521686,203
207.388218,205,,,0.9454652600157738,0.9506821218059739,0.548749,0.00521686,204
208.501364,206,,,0.9454652600157738,0.9506821218059739,0.548749,0.00521686,205
209.538111,207,,L,0.9454655359211672,0.9506821218059739,0.54872,0.00521659,206
210.437544,208,,,0.9454655359211672,0.9506821218059739,0.54872,0.00521659,207
211.720309,209,,L,0.9454673441854774,0.9506821218059739,0.54853,0.00521478,208
212.967551,210,,,0.9454673441854774,0.9506821218059739,0.54853,0.00521478,209
213.876919,211,,L,0.9454675449014804,0.9506821218059739,0.548509,0.00521458,210
214.658893,212,,,0.9454675449014804,0.9506821218059739,0.548509,0.00521458,211
216.038312,213,,,0.9454675449014804,0.9506821218059739,0.548509,0.00521458,212
217.146544,214,,,0.9454675449014804,0.9506821218059739,0.548509,0.00521458,213
217.881441,215,,L,0.9454677678733896,0.9506821218059739,0.548486,0.00521435,214
218.647672,216,,,0.9454677678733896,0.9506821218059739,0.548486,0.00521435,215
219.701264,217,,,0.9454677678733896,0.9506821218059739,0.548486,0.00521435,216
220.795737,218,,,0.9454677678733896,0.9506821218059739,0.548486,0.00521435,217
221.825183,219,,L,0.9454680155617603,0.9506821218059739,0.548459,0.00521411,218
222.605657,220,,,0.9454680155617603,0.9506821218059739,0.548459,0.00521411,219
223.410234,221,,,0.9454680155617603,0.9506821218059739,0.548459,0.00521411,220
224.517654,222,,,0.9454680155617603,0.9506821218059739,0.548459,0.00521411,221
225.610065,223,,L,0.9454682906991329,0.9506821218059739,0.548431,0.00521383,222
226.382729,224,,,0.9454682906991329,0.9506821218059739,0.548431,0.00521383,223
227.438502,225,,,0.9454682906991329,0.9506821218059739,0.548431,0.00521383,224
228.473662,226,,,0.9454682906991329,0.9506821218059739,0.548431,0.00521383,225
229.231765,227,,L,0.9455019573438467,0.9506821218059739,0.544889,0.00518016,226
230.592042,228,,,0.9455019573438467,0.9506821218059739,0.544889,0.00518016,227
231.554598,229,,L,0.9455368416880938,0.9506821218059739,0.54122,0.00514528,228
232.700459,230,,,0.9455368416880938,0.9506821218059739,0.54122,0.00514528,229
234.132841,231,,L,0.9455604727734973,0.9506821218059739,0.538734,0.00512165,230
235.139574,232,,,0.9455604727734973,0.9506821218059739,0.538734,0.00512165,231
236.419802,233,,L,0.9455604727751474,0.9506821218059739,0.538734,0.00512165,232
237.690523,234,,,0.9455604727751474,0.9506821218059739,0.538734,0.00512165,233
238.753166,235,,L,0.9455604727767977,0.9506821218059739,0.538734,0.00512165,234
240.114184,236,,,0.9455604727767977,0.9506821218059739,0.538734,0.00512165,235
241.109657,237,,L,0.945634194077672,0.9506821218059739,0.53098,0.00504793,236
242.070032,238,,,0.945634194077672,0.9506821218059739,0.53098,0.00504793,237
243.039334,239,,,0.945634194077672,0.9506821218059739,0.53098,0.00504793,238
244.354641,240,,,0.945634194077672,0.9506821218059739,0.53098,0.00504793,239
245.295425,241,,L,0.9456355917422676,0.9506821218059739,0.530833,0.00504653,240
246.536146,242,,,0.9456355917422676,0.9506821218059739,0.530833,0.00504653,241
247.504864,243,,L,0.9456355917435149,0.9506821218059739,0.530833,0.00504653,242
248.773767,244,,,0.9456355917435149,0.9506821218059739,0.530833,0.00504653,243
249.826305,245,,L,0.9456802180460163,0.9506821218059739,0.526138,0.0050019,244
251.208013,246,,,0.9456802180460163,0.9506821218059739,0.526138,0.0050019,245
252.122573,247,,L,0.9457231546553286,0.9506821218059739,0.521622,0.00495897,246
253.495874,248,,,0.9457231546553286,0.9506821218059739,0.521622,0.00495897,247
254.418266,249,,L,0.945745620296963,0.9506821218059739,0.519259,0.0049365,248
255.679624,250,,,0.945745620296963,0.9506821218059739,0.519259,0.0049365,249
256.597874,251,,L,0.945745856360183,0.9506821218059739,0.519234,0.00493627,250
257.538983,252,,,0.945745856360183,0.9506821218059739,0.519234,0.00493627,251
258.900914,253,,L,0.9457483488985641,0.9506821218059739,0.518972,0.00493377,252
260.381047,254,,,0.9457483488985641,0.9506821218059739,0.518972,0.00493377,253
261.341551,255,,L,0.9457508353438797,0.9506821218059739,0.51871,0.00493129,254
262.07928,256,,,0.9457508353438797,0.9506821218059739,0.51871,0.00493129,255
263.221412,257,,,0.9457508353438797,0.9506821218059739,0.51871,0.00493129,256
264.364492,258,,,0.9457508353438797,0.9506821218059739,0.51871,0.00493129,257
265.127579,259,,L,0.9457511112502484,0.9506821218059739,0.518681,0.00493101,258
266.433313,260,,,0.9457511112502484,0.9506821218059739,0.518681,0.00493101,259
267.347892,261,,L,0.9457529195145544,0.9506821218059739,0.518491,0.0049292,260
268.767818,262,,,0.9457529195145544,0.9506821218059739,0.518491,0.0049292,261
269.653935,263,,L,0.9457531202295844,0.9506821218059739,0.51847,0.004929,262
270.837002,264,,,0.9457531202295844,0.9506821218059739,0.51847,0.004929,263
271.589025,265,,,0.9457531202295844,0.9506821218059739,0.51847,0.004929,264
272.759552,266,,,0.9457531202295844,0.9506821218059739,0.51847,0.004929,265
273.434716,267,,L,0.9457533432014933,0.9506821218059739,0.518447,0.00492878,266
274.539497,268,,,0.9457533432014933,0.9506821218059739,0.518447,0.00492878,267
275.237848,269,,,0.9457533432014933,0.9506821218059739,0.518447,0.00492878,268
276.375234,270,,,0.9457533432014933,0.9506821218059739,0.518447,0.00492878,269
277.198661,271,,L,0.9457535908898638,0.9506821218059739,0.51842,0.00492853,270
278.064108,272,,,0.9457535908898638,0.9506821218059739,0.51842,0.00492853,271
279.208059,273,,,0.9457535908898638,0.9506821218059739,0.51842,0.00492853,272
280.890395,274,,,0.9457535908898638,0.9506821218059739,0.51842,0.00492853,273
283.232395,275,,L,0.945753866027236,0.9506821218059739,0.518392,0.00492826,274
285.87829,276,,,0.945753866027236,0.9506821218059739,0.518392,0.00492826,275
286.735224,277,,,0.945753866027236,0.9506821218059739,0.518392,0.00492826,276
287.84827,278,,,0.945753866027236,0.9506821218059739,0.518392,0.00492826,277
288.599559,279,,L,0.9457541716489319,0.9506821218059739,0.518359,0.00492795,278
289.988313,280,,,0.9457541716489319,0.9506821218059739,0.518359,0.00492795,279
291.041578,281,,L,0.9457875326728746,0.9506821218059739,0.51485,0.00489459,280
292.355429,282,,,0.9457875326728746,0.9506821218059739,0.51485,0.00489459,281
293.280293,283,,L,0.9458318536732153,0.9506821218059739,0.510188,0.00485027,282
294.321512,284,,,0.9458318536732153,0.9506821218059739,0.510188,0.00485027,283
295.720982,285,,L,0.9458487110642904,0.9506821218059739,0.508415,0.00483341,284
296.734352,286,,,0.9458487110642904,0.9506821218059739,0.508415,0.00483341,285
298.218318,287,,L,0.9458487110654288,0.9506821218059739,0.508415,0.00483341,286
299.683835,288,,,0.9458487110654288,0.9506821218059739,0.508415,0.00483341,287
300.78563,289,,L,0.9458645945838823,0.9506821218059739,0.506744,0.00481753,288
301.955295,290,,,0.9458645945838823,0.9506821218059739,0.506744,0.00481753,289
303.771697,291,,L,0.9458645945849877,0.9506821218059739,0.506744,0.00481753,290
305.430921,292,,,0.9458645945849877,0.9506821218059739,0.506744,0.00481753,291
307.020919,293,,L,0.9458799447766242,0.9506821218059739,0.50513,0.00480218,292
308.417487,294,,,0.9458799447766242,0.9506821218059739,0.50513,0.00480218,293
309.497763,295,,L,0.9458799447776904,0.9506821218059739,0.50513,0.00480218,294
310.975024,296,,,0.9458799447776904,0.9506821218059739,0.50513,0.00480218,295
312.021358,297,,L,0.9458852934705526,0.9506821218059739,0.504567,0.00479683,296
313.080282,298,,,0.9458852934705526,0.9506821218059739,0.504567,0.00479683,297
314.47645,299,,L,0.9458852934716271,0.9506821218059739,0.504567,0.00479683,298
315.847707,300,,,0.9458852934716271,0.9506821218059739,0.504567,0.00479683,299
316.808753,301,,L,0.9459017549900725,0.9506821218059739,0.502835,0.00478037,300
318.068,302,,,0.9459017549900725,0.9506821218059739,0.502835,0.00478037,301
319.011907,303,,L,0.9459017549911076,0.9506821218059739,0.502835,0.00478037,302
320.410089,304,,,0.9459017549911076,0.9506821218059739,0.502835,0.00478037,303
321.429898,305,,L,0.9459017549921427,0.9506821218059739,0.502835,0.00478037,304
322.972232,306,,,0.9459017549921427,0.9506821218059739,0.502835,0.00478037,305
323.997869,307,,L,0.9459609291300004,0.9506821218059739,0.496611,0.00472119,306
325.601554,308,,,0.9459609291300004,0.9506821218059739,0.496611,0.00472119,307
326.675555,309,,L,0.945973954426675,0.9506821218059739,0.495241,0.00470817,308
328.135816,310,,,0.945973954426675,0.9506821218059739,0.495241,0.00470817,309
329.139194,311,,L,0.9460206151802597,0.9506821218059739,0.490333,0.00466151,310
330.12668,312,,,0.9460206151802597,0.9506821218059739,0.490333,0.00466151,311
331.496126,313,,L,0.9460888605465153,0.9506821218059739,0.483154,0.00459326,312
332.896726,314,,,0.9460888605465153,0.9506821218059739,0.483154,0.00459326,313
333.916879,315,,L,0.9461617231218042,0.9506821218059739,0.47549,0.0045204,314
334.874155,316,,,0.9461617231218042,0.9506821218059739,0.47549,0.0045204,315
335.828495,317,,,0.9461617231218042,0.9506821218059739,0.47549,0.0045204,316
337.149651,318,Bound,,0.9461617231218042,0.9506821218059739,0.47549,0.0045204,315
338.06316,319,,,0.9461617231218042,0.9506821218059739,0.47549,0.0045204,316
339.38159,320,Bound,,0.9461617231218042,0.9506821218059739,0.47549,0.0045204,315
340.355357,321,,L,0.9461870737484801,0.9506821218059739,0.472823,0.00449505,316
341.263363,322,,,0.9461870737484801,0.9506821218059739,0.472823,0.00449505,317
342.578229,323,,L,0.9462110621409121,0.9506821218059739,0.4703,0.00447106,318
344.123851,324,,,0.9462110621409121,0.9506821218059739,0.4703,0.00447106,319
345.633061,325,,L,0.9462183074606696,0.9506821218059739,0.469538,0.00446381,320
347.413435,326,,,0.9462183074606696,0.9506821218059739,0.469538,0.00446381,321
349.05626,327,,L,0.9462236561546145,0.9506821218059739,0.468975,0.00445847,322
350.075583,328,,,0.9462236561546145,0.9506821218059739,0.468975,0.00445847,323
351.53736,329,,L,0.9462286213874895,0.9506821218059739,0.468453,0.0044535,324
352.558046,330,,,0.9462286213874895,0.9506821218059739,0.468453,0.0044535,325
354.798507,331,,,0.9462286213874895,0.9506821218059739,0.468453,0.0044535,326
356.106148,332,,,0.9462286213874895,0.9506821218059739,0.468453,0.0044535,327
357.401766,333,,,0.9462286213874895,0.9506821218059739,0.468453,0.0044535,328
358.321945,334,,,0.9462286213874895,0.9506821218059739,0.468453,0.0044535,329
359.782355,335,,,0.9462286213874895,0.9506821218059739,0.468453,0.0044535,330
360.734343,336,,,0.9462286213874895,0.9506821218059739,0.468453,0.0044535,331
362.044647,337,,,0.9462286213874895,0.9506821218059739,0.468453,0.0044535,332
363.009209,338,,,0.9462286213874895,0.9506821218059739,0.468453,0.0044535,333
364.498777,339,,,0.9462286213874895,0.9506821218059739,0.468453,0.0044535,334
365.76405,340,,,0.9462286213874895,0.9506821218059739,0.468453,0.0044535,335
367.322087,341,,,0.9462286213874895,0.9506821218059739,0.468453,0.0044535,336
368.238934,342,,,0.9462286213874895,0.9506821218059739,0.468453,0.0044535,337
369.623545,343,,,0.9462286213874895,0.9506821218059739,0.468453,0.0044535,338
370.701979,344,,,0.9462286213874895,0.9506821218059739,0.468453,0.0044535,339
372.114242,345,,,0.9462286213874895,0.9506821218059739,0.468453,0.0044535,340
373.14348,346,,,0.9462286213874895,0.9506821218059739,0.468453,0.0044535,341
374.692197,347,,,0.9462286213874895,0.9506821218059739,0.468453,0.0044535,342
376.000011,348,,,0.9462286213874895,0.9506821218059739,0.468453,0.0044535,343
377.232815,349,,,0.9462286213874895,0.9506821218059739,0.468453,0.0044535,344
378.285294,350,,,0.9462286213874895,0.9506821218059739,0.468453,0.0044535,345
379.826177,351,,,0.9462286213874895,0.9506821218059739,0.468453,0.0044535,346
380.978842,352,,,0.9462286213874895,0.9506821218059739,0.468453,0.0044535,347
382.578472,353,,,0.9462286213874895,0.9506821218059739,0.468453,0.0044535,348
383.940029,354,,,0.9462286213874895,0.9506821218059739,0.468453,0.0044535,349
387.04958,355,,,0.9462286213874895,0.9506821218059739,0.468453,0.0044535,350
389.267709,356,,,0.9462286213874895,0.9506821218059739,0.468453,0.0044535,351
391.298274,357,,,0.9462286213874895,0.9506821218059739,0.468453,0.0044535,352
392.878325,358,,,0.9462286213874895,0.9506821218059739,0.468453,0.0044535,353
394.383643,359,,,0.9462286213874895,0.9506821218059739,0.468453,0.0044535,354
396.017626,360,,,0.9462286213874895,0.9506821218059739,0.468453,0.0044535,355
397.202533,361,,,0.9462286213874895,0.9506821218059739,0.468453,0.0044535,356
398.193387,362,,,0.9462286213874895,0.9506821218059739,0.468453,0.0044535,357
399.530204,363,,,0.9462286213874895,0.9506821218059739,0.468453,0.0044535,358
401.391121,364,,,0.9462286213874895,0.9506821218059739,0.468453,0.0044535,359
402.676052,365,,,0.9462286213874895,0.9506821218059739,0.468453,0.0044535,360
403.799384,366,,,0.9462286213874895,0.9506821218059739,0.468453,0.0044535,361
405.211668,367,,,0.9462286213874895,0.9506821218059739,0.468453,0.0044535,362
406.290279,368,,,0.9462286213874895,0.9506821218059739,0.468453,0.0044535,363
407.653994,369,,,0.9462286213874895,0.9506821218059739,0.468453,0.0044535,364
408.787596,370,,,0.9462286213874895,0.9506821218059739,0.468453,0.0044535,365
410.007129,371,,,0.9462286213874895,0.9506821218059739,0.468453,0.0044535,366
411.13821,372,,,0.9462286213874895,0.9506821218059739,0.468453,0.0044535,367
412.426945,373,,,0.9462286213874895,0.9506821218059739,0.468453,0.0044535,368
413.724786,374,,,0.9462286213874895,0.9506821218059739,0.468453,0.0044535,369
415.014076,375,,,0.9462286213874895,0.9506821218059739,0.468453,0.0044535,370
417.149201,376,,,0.9462286213874895,0.9506821218059739,0.468453,0.0044535,371
418.558236,377,Bound,,0.9462286213874895,0.9506821218059739,0.468453,0.0044535,370
419.847497,378,,,0.9462286213874895,0.9506821218059739,0.468453,0.0044535,371
421.271078,379,,,0.9462286213874895,0.9506821218059739,0.468453,0.0044535,372
422.614768,380,,,0.9462286213874895,0.9506821218059739,0.468453,0.0044535,373
423.533905,381,,,0.9462286213874895,0.9506821218059739,0.468453,0.0044535,374
425.068626,382,,,0.9462286213874895,0.9506821218059739,0.468453,0.0044535,375
426.476436,383,,,0.9462286213874895,0.9506821218059739,0.468453,0.0044535,376
427.838251,384,,,0.9462286213874895,0.9506821218059739,0.468453,0.0044535,377
428.921179,385,,,0.9462286213874895,0.9506821218059739,0.468453,0.0044535,378
430.602987,386,,,0.9462286213874895,0.9506821218059739,0.468453,0.0044535,379
432.119999,387,,,0.9462286213874895,0.9506821218059739,0.468453,0.0044535,380
434.683431,388,,,0.9462286213874895,0.9506821218059739,0.468453,0.0044535,381
436.148952,389,,,0.9462286213874895,0.9506821218059739,0.468453,0.0044535,382
437.60517,390,,,0.9462286213874895,0.9506821218059739,0.468453,0.0044535,383
438.894493,391,,,0.9462286213874895,0.9506821218059739,0.468453,0.0044535,384
440.250517,392,,,0.9462286213874895,0.9506821218059739,0.468453,0.0044535,385
441.579953,393,,,0.9462286213874895,0.9506821218059739,0.468453,0.0044535,386
442.827689,394,,,0.9462286213874895,0.9506821218059739,0.468453,0.0044535,387
444.462309,395,,,0.9462286213874895,0.9506821218059739,0.468453,0.0044535,388
445.828293,396,,,0.9462286213874895,0.9506821218059739,0.468453,0.0044535,389
447.535015,397,,,0.9462286213874895,0.9506821218059739,0.468453,0.0044535,390
448.81377,398,,,0.9462286213874895,0.9506821218059739,0.468453,0.0044535,391
449.875266,399,,,0.9462286213874895,0.9506821218059739,0.468453,0.0044535,392
451.160861,400,,,0.9462286213874895,0.9506821218059739,0.468453,0.0044535,393
452.261649,401,,,0.9462286213874895,0.9506821218059739,0.468453,0.0044535,394
453.638774,402,,,0.9462286213874895,0.9506821218059739,0.468453,0.0044535,395
454.690986,403,,,0.9462286213874895,0.9506821218059739,0.468453,0.0044535,396
456.010695,404,,,0.9462286213874895,0.9506821218059739,0.468453,0.0044535,397
456.95267,405,,,0.9462286213874895,0.9506821218059739,0.468453,0.0044535,398
458.347822,406,,,0.9462286213874895,0.9506821218059739,0.468453,0.0044535,399
459.705073,407,,L,0.9462338792139293,0.9506821218059739,0.4679,0.00444824,400
461.133109,408,,,0.9462338792139293,0.9506821218059739,0.4679,0.00444824,401
462.140885,409,,L,0.9462429432130188,0.9506821218059739,0.466947,0.00443918,402
463.095394,410,,,0.9462429432130188,0.9506821218059739,0.466947,0.00443918,403
464.501176,411,,L,0.9462454357513952,0.9506821218059739,0.466684,0.00443669,404
465.757728,412,,,0.9462454357513952,0.9506821218059739,0.466684,0.00443669,405
466.683305,413,,L,0.9462479221957305,0.9506821218059739,0.466423,0.0044342,406
467.715447,414,,,0.9462479221957305,0.9506821218059739,0.466423,0.0044342,407
468.481474,415,,,0.9462479221957305,0.9506821218059739,0.466423,0.0044342,408
469.548674,416,,,0.9462479221957305,0.9506821218059739,0.466423,0.0044342,409
470.309593,417,,L,0.9462481981030741,0.9506821218059739,0.466394,0.00443392,410
471.211016,418,,,0.9462481981030741,0.9506821218059739,0.466394,0.00443392,411
472.566677,419,,L,0.9462500063673762,0.9506821218059739,0.466204,0.00443212,412
473.440775,420,,,0.9462500063673762,0.9506821218059739,0.466204,0.00443212,413
474.748153,421,,L,0.9462502070814329,0.9506821218059739,0.466183,0.00443191,414
475.637083,422,,,0.9462502070814329,0.9506821218059739,0.466183,0.00443191,415
476.40862,423,,,0.9462502070814329,0.9506821218059739,0.466183,0.00443191,416
477.578208,424,,,0.9462502070814329,0.9506821218059739,0.466183,0.00443191,417
478.726504,425,,L,0.9462504300533416,0.9506821218059739,0.466159,0.00443169,418
479.629499,426,,,0.9462504300533416,0.9506821218059739,0.466159,0.00443169,419
480.504543,427,,,0.9462504300533416,0.9506821218059739,0.466159,0.00443169,420
481.823543,428,,,0.9462504300533416,0.9506821218059739,0.466159,0.00443169,421
483.01568,429,,L,0.9462506777417119,0.9506821218059739,0.466133,0.00443144,422
483.816667,430,,,0.9462506777417119,0.9506821218059739,0.466133,0.00443144,423
485.177667,431,,,0.9462506777417119,0.9506821218059739,0.466133,0.00443144,424
486.033313,432,,,0.9462506777417119,0.9506821218059739,0.466133,0.00443144,425
487.282115,433,,L,0.9462509528790839,0.9506821218059739,0.466104,0.00443117,426
488.108448,434,,,0.9462509528790839,0.9506821218059739,0.466104,0.00443117,427
488.907812,435,,,0.9462509528790839,0.9506821218059739,0.466104,0.00443117,428
490.008569,436,,,0.9462509528790839,0.9506821218059739,0.466104,0.00443117,429
491.060147,437,,L,0.9462846195256471,0.9506821218059739,0.462563,0.0043975,430
492.006033,438,,,0.9462846195256471,0.9506821218059739,0.462563,0.0043975,431
493.586493,439,,L,0.9462861811084735,0.9506821218059739,0.462399,0.00439594,432
494.920116,440,,,0.9462861811084735,0.9506821218059739,0.462399,0.00439594,433
495.833042,441,,L,0.9463434223047583,0.9506821218059739,0.456378,0.0043387,434
497.075788,442,,,0.9463434223047583,0.9506821218059739,0.456378,0.0043387,435
497.975948,443,,L,0.9463916237255448,0.9506821218059739,0.451307,0.0042905,436
498.849627,444,,,0.9463916237255448,0.9506821218059739,0.451307,0.0042905,437
500.184418,445,,L,0.9464729724971941,0.9506821218059739,0.44275,0.00420915,438
500.95213,446,,,0.9464729724971941,0.9506821218059739,0.44275,0.00420915,439
502.123979,447,Bound,L,0.9464966374698065,0.9506821218059739,0.440261,0.00418548,438
502.91618,448,,,0.9464966374698065,0.9506821218059739,0.440261,0.00418548,439
504.05634,449,,L,0.9465073726791979,0.9506821218059739,0.439132,0.00417475,440
505.256131,450,,,0.9465073726791979,0.9506821218059739,0.439132,0.00417475,441
506.103008,451,,L,0.9465670587293442,0.9506821218059739,0.432854,0.00411506,442
507.004611,452,,,0.9465670587293442,0.9506821218059739,0.432854,0.00411506,443
508.29769,453,,L,0.9465717564369647,0.9506821218059739,0.43236,0.00411037,444
509.828049,454,,,0.9465717564369647,0.9506821218059739,0.43236,0.00411037,445
510.791523,455,,L,0.9466098658342326,0.9506821218059739,0.428351,0.00407226,446
511.702219,456,,,0.9466098658342326,0.9506821218059739,0.428351,0.00407226,447
513.044836,457,,L,0.9466098658342327,0.9506821218059739,0.428351,0.00407226,448
514.372513,458,,,0.9466098658342327,0.9506821218059739,0.428351,0.00407226,449
515.321274,459,,L,0.9466353040954494,0.9506821218059739,0.425675,0.00404682,450
516.490304,460,,,0.9466353040954494,0.9506821218059739,0.425675,0.00404682,451
517.295671,461,,L,0.9467578729566137,0.9506821218059739,0.412782,0.00392425,452
518.109795,462,,,0.9467578729566137,0.9506821218059739,0.412782,0.00392425,453
519.281977,463,Bound,L,0.946840509155747,0.9506821218059739,0.40409,0.00384161,452
520.518971,464,,,0.946840509155747,0.9506821218059739,0.40409,0.00384161,453
521.412218,465,,L,0.9469937243224453,0.9506821218059739,0.387974,0.0036884,454
522.544916,466,,,0.9469937243224453,0.9506821218059739,0.387974,0.0036884,455
523.402152,467,,L,0.9470118913730516,0.9506821218059739,0.386063,0.00367023,456
524.235712,468,,,0.9470118913730516,0.9506821218059739,0.386063,0.00367023,457
525.116783,469,,,0.9470118913730516,0.9506821218059739,0.386063,0.00367023,458
526.003861,470,Bound,,0.9470118913730516,0.9506821218059739,0.386063,0.00367023,457
527.031207,471,,,0.9470118913730516,0.9506821218059739,0.386063,0.00367023,458
527.785722,472,,,0.9470118913730516,0.9506821218059739,0.386063,0.00367023,459
528.904132,473,,,0.9470118913730516,0.9506821218059739,0.386063,0.00367023,460
529.894344,474,Bound,,0.9470118913730516,0.9506821218059739,0.386063,0.00367023,459
530.792916,475,,L,0.9470750893585744,0.9506821218059739,0.379415,0.00360703,460
531.978981,476,,,0.9470750893585744,0.9506821218059739,0.379415,0.00360703,461
532.925909,477,,L,0.9471831385385372,0.9506821218059739,0.36805,0.00349898,462
534.185522,478,Bound,,0.9471831385385372,0.9506821218059739,0.36805,0.00349898,461
535.081115,479,,L,0.9472402255065051,0.9506821218059739,0.362045,0.0034419,462
536.204712,480,,,0.9472402255065051,0.9506821218059739,0.362045,0.0034419,463
537.021873,481,,L,0.9472965024161915,0.9506821218059739,0.356125,0.00338562,464
538.075675,482,,,0.9472965024161915,0.9506821218059739,0.356125,0.00338562,465
538.965601,483,,,0.9472965024161915,0.9506821218059739,0.356125,0.00338562,466
540.188152,484,,,0.9472965024161915,0.9506821218059739,0.356125,0.00338562,467
541.097108,485,,,0.9472965024161915,0.9506821218059739,0.356125,0.00338562,468
542.295585,486,,,0.9472965024161915,0.9506821218059739,0.356125,0.00338562,469
543.128726,487,,,0.9472965024161915,0.9506821218059739,0.356125,0.00338562,470
544.254537,488,,,0.9472965024161915,0.9506821218059739,0.356125,0.00338562,471
544.897391,489,,,0.9472965024161915,0.9506821218059739,0.356125,0.00338562,472
545.900279,490,,,0.9472965024161915,0.9506821218059739,0.356125,0.00338562,473
546.847487,491,,,0.9472965024161915,0.9506821218059739,0.356125,0.00338562,474
547.543581,492,,,0.9472965024161915,0.9506821218059739,0.356125,0.00338562,475
548.185517,493,,,0.9472965024161915,0.9506821218059739,0.356125,0.00338562,476
549.103418,494,,,0.9472965024161915,0.9506821218059739,0.356125,0.00338562,477
550.136814,495,,,0.9472965024161915,0.9506821218059739,0.356125,0.00338562,478
550.811173,496,,,0.9472965024161915,0.9506821218059739,0.356125,0.00338562,479
551.459879,497,,,0.9472965024161915,0.9506821218059739,0.356125,0.00338562,480
552.652474,498,,,0.9472965024161915,0.9506821218059739,0.356125,0.00338562,481
553.662521,499,,,0.9472965024161915,0.9506821218059739,0.356125,0.00338562,482
554.635199,500,,,0.9472965024161915,0.9506821218059739,0.356125,0.00338562,483
555.467848,501,,,0.9472965024161915,0.9506821218059739,0.356125,0.00338562,484
556.46894,502,,,0.9472965024161915,0.9506821218059739,0.356125,0.00338562,485
557.099046,503,,,0.9472965024161915,0.9506821218059739,0.356125,0.00338562,486
558.236867,504,,,0.9472965024161915,0.9506821218059739,0.356125,0.00338562,487
559.423525,505,,,0.9472965024161915,0.9506821218059739,0.356125,0.00338562,488
560.24792,506,,,0.9472965024161915,0.9506821218059739,0.356125,0.00338562,489
561.20525,507,,,0.9472965024161915,0.9506821218059739,0.356125,0.00338562,490
562.408199,508,,,0.9472965024161915,0.9506821218059739,0.356125,0.00338562,491
563.258719,509,,,0.9472965024161915,0.9506821218059739,0.356125,0.00338562,492
564.092475,510,,,0.9472965024161915,0.9506821218059739,0.356125,0.00338562,493
566.259633,511,Bound,,0.9472965024161915,0.9506821218059739,0.356125,0.00338562,492
567.1965,512,Bound,,0.9472965024161915,0.9506821218059739,0.356125,0.00338562,491
568.596302,513,Bound,,0.9472965024161915,0.9506821218059739,0.356125,0.00338562,490
569.433901,514,,,0.9472965024161915,0.9506821218059739,0.356125,0.00338562,491
570.250038,515,,,0.9472965024161915,0.9506821218059739,0.356125,0.00338562,492
570.896208,516,,,0.9472965024161915,0.9506821218059739,0.356125,0.00338562,493
571.594447,517,,L,0.9473714325207379,0.9506821218059739,0.348244,0.00331069,494
572.382956,518,,,0.9473714325207379,0.9506821218059739,0.348244,0.00331069,495
573.572586,519,,L,0.9473741841290877,0.9506821218059739,0.347954,0.00330794,496
574.710811,520,,,0.9473741841290877,0.9506821218059739,0.347954,0.00330794,497
575.612031,521,,L,0.9473741841290878,0.9506821218059739,0.347954,0.00330794,498
576.70705,522,,,0.9473741841290878,0.9506821218059739,0.347954,0.00330794,499
577.548672,523,,L,0.9473991663716523,0.9506821218059739,0.345326,0.00328296,500
578.522656,524,Bound,,0.9473991663716523,0.9506821218059739,0.345326,0.00328296,499
579.532254,525,Bound,L,0.9474026662328552,0.9506821218059739,0.344958,0.00327946,498
580.750216,526,,,0.9474026662328552,0.9506821218059739,0.344958,0.00327946,499
581.770025,527,,L,0.9474244764462103,0.9506821218059739,0.342664,0.00325765,500
582.971417,528,,,0.9474244764462103,0.9506821218059739,0.342664,0.00325765,501
583.927813,529,,L,0.9474497175845399,0.9506821218059739,0.340009,0.0032324,502
584.938974,530,,,0.9474497175845399,0.9506821218059739,0.340009,0.0032324,503
586.268489,531,,L,0.9474692500981414,0.9506821218059739,0.337954,0.00321287,504
587.749071,532,Bound,,0.9474692500981414,0.9506821218059739,0.337954,0.00321287,503
590.286904,533,Bound,L,0.9475222852493479,0.9506821218059739,0.332376,0.00315984,502
591.768576,534,,,0.9475222852493479,0.9506821218059739,0.332376,0.00315984,503
592.816448,535,,,0.9475222852493479,0.9506821218059739,0.332376,0.00315984,504
594.280837,536,,,0.9475222852493479,0.9506821218059739,0.332376,0.00315984,505
595.266666,537,,L,0.947522285249348,0.9506821218059739,0.332376,0.00315984,506
596.151876,538,,,0.947522285249348,0.9506821218059739,0.332376,0.00315984,507
597.293193,539,,,0.947522285249348,0.9506821218059739,0.332376,0.00315984,508
598.376788,540,,,0.947522285249348,0.9506821218059739,0.332376,0.00315984,509
599.43431,541,,,0.947522285249348,0.9506821218059739,0.332376,0.00315984,510
600.229904,542,,,0.947522285249348,0.9506821218059739,0.332376,0.00315984,511
601.142952,543,,,0.947522285249348,0.9506821218059739,0.332376,0.00315984,512
602.237378,544,,,0.947522285249348,0.9506821218059739,0.332376,0.00315984,513
603.291818,545,,,0.947522285249348,0.9506821218059739,0.332376,0.00315984,514
604.144367,546,,,0.947522285249348,0.9506821218059739,0.332376,0.00315984,515
605.178914,547,,,0.947522285249348,0.9506821218059739,0.332376,0.00315984,516
605.986681,548,,,0.947522285249348,0.9506821218059739,0.332376,0.00315984,517
606.766622,549,,L,0.947535350925863,0.9506821218059739,0.331001,0.00314677,518
608.008492,550,,,0.947535350925863,0.9506821218059739,0.331001,0.00314677,519
608.967395,551,,,0.947535350925863,0.9506821218059739,0.331001,0.00314677,520
609.763195,552,,,0.947535350925863,0.9506821218059739,0.331001,0.00314677,521
610.785604,553,,,0.947535350925863,0.9506821218059739,0.331001,0.00314677,522
611.56317,554,,,0.947535350925863,0.9506821218059739,0.331001,0.00314677,523
612.604469,555,,L,0.9475583564357488,0.9506821218059739,0.328581,0.00312377,524
613.518212,556,,,0.9475583564357488,0.9506821218059739,0.328581,0.00312377,525
614.870652,557,,L,0.9475676604556043,0.9506821218059739,0.327603,0.00311446,526
616.173913,558,Bound,,0.9475676604556043,0.9506821218059739,0.327603,0.00311446,525
617.180274,559,,L,0.9475714387864582,0.9506821218059739,0.327205,0.00311068,526
618.491979,560,,,0.9475714387864582,0.9506821218059739,0.327205,0.00311068,527
619.738948,561,,L,0.9475875636942969,0.9506821218059739,0.325509,0.00309456,528
620.986832,562,,,0.9475875636942969,0.9506821218059739,0.325509,0.00309456,529
622.205057,563,,L,0.9476182573161245,0.9506821218059739,0.322281,0.00306386,530
623.440137,564,,,0.9476182573161245,0.9506821218059739,0.322281,0.00306386,531
624.720622,565,,L,0.9476227228390709,0.9506821218059739,0.321811,0.0030594,532
625.951221,566,,,0.9476227228390709,0.9506821218059739,0.321811,0.0030594,533
627.17787,567,,L,0.9476227228402284,0.9506821218059739,0.321811,0.0030594,534
628.445866,568,,,0.9476227228402284,0.9506821218059739,0.321811,0.0030594,535
629.737504,569,,L,0.9476227228413859,0.9506821218059739,0.321811,0.0030594,536
631.071686,570,,,0.9476227228413859,0.9506821218059739,0.321811,0.0030594,537
632.293749,571,,L,0.9476227228425433,0.9506821218059739,0.321811,0.0030594,538
633.661138,572,,,0.9476227228425433,0.9506821218059739,0.321811,0.0030594,539
634.943767,573,,L,0.9476227228437009,0.9506821218059739,0.321811,0.0030594,540
636.28676,574,,,0.9476227228437009,0.9506821218059739,0.321811,0.0030594,541
637.552103,575,,L,0.9476227228448584,0.9506821218059739,0.321811,0.0030594,542
638.733423,576,,,0.9476227228448584,0.9506821218059739,0.321811,0.0030594,543
639.869119,577,,L,0.9476227228460159,0.9506821218059739,0.321811,0.0030594,544
641.102381,578,,,0.9476227228460159,0.9506821218059739,0.321811,0.0030594,545
642.293907,579,,L,0.9476227228471733,0.9506821218059739,0.321811,0.0030594,546
643.520837,580,,,0.9476227228471733,0.9506821218059739,0.321811,0.0030594,547
644.763558,581,,L,0.9476227228483307,0.9506821218059739,0.321811,0.0030594,548
646.041457,582,,,0.9476227228483307,0.9506821218059739,0.321811,0.0030594,549
647.232971,583,,L,0.9476227228494882,0.9506821218059739,0.321811,0.0030594,550
648.404973,584,,,0.9476227228494882,0.9506821218059739,0.321811,0.0030594,551
649.562716,585,,L,0.9476227228506457,0.9506821218059739,0.321811,0.0030594,552
650.935402,586,,,0.9476227228506457,0.9506821218059739,0.321811,0.0030594,553
652.149803,587,,L,0.9476227228518029,0.9506821218059739,0.321811,0.0030594,554
653.36572,588,,,0.9476227228518029,0.9506821218059739,0.321811,0.0030594,555
654.596972,589,,L,0.9476227228529601,0.9506821218059739,0.321811,0.0030594,556
655.763326,590,,,0.9476227228529601,0.9506821218059739,0.321811,0.0030594,557
656.984625,591,,L,0.9476227228541172,0.9506821218059739,0.321811,0.0030594,558
658.268413,592,,,0.9476227228541172,0.9506821218059739,0.321811,0.0030594,559
659.54701,593,,L,0.9476227228552743,0.9506821218059739,0.321811,0.0030594,560
660.857303,594,,,0.9476227228552743,0.9506821218059739,0.321811,0.0030594,561
662.103397,595,,L,0.9476227228564315,0.9506821218059739,0.321811,0.0030594,562
663.513975,596,,,0.9476227228564315,0.9506821218059739,0.321811,0.0030594,563
664.714734,597,,L,0.9476227228575885,0.9506821218059739,0.321811,0.0030594,564
665.885165,598,,,0.9476227228575885,0.9506821218059739,0.321811,0.0030594,565
667.09864,599,,L,0.9476227228587457,0.9506821218059739,0.321811,0.0030594,566
668.454859,600,,,0.9476227228587457,0.9506821218059739,0.321811,0.0030594,567
669.731556,601,,L,0.9476227228599028,0.9506821218059739,0.321811,0.0030594,568
671.040794,602,,,0.9476227228599028,0.9506821218059739,0.321811,0.0030594,569
672.132593,603,,L,0.9476227228610601,0.9506821218059739,0.321811,0.0030594,570
673.211766,604,,,0.9476227228610601,0.9506821218059739,0.321811,0.0030594,571
674.278805,605,,L,0.9476227228622174,0.9506821218059739,0.321811,0.0030594,572
675.360853,606,,,0.9476227228622174,0.9506821218059739,0.321811,0.0030594,573
676.459362,607,,L,0.9476227228633745,0.9506821218059739,0.321811,0.0030594,574
677.715955,608,,,0.9476227228633745,0.9506821218059739,0.321811,0.0030594,575
678.968402,609,,L,0.9476227228645318,0.9506821218059739,0.321811,0.0030594,576
680.350618,610,,,0.9476227228645318,0.9506821218059739,0.321811,0.0030594,577
681.713027,611,,L,0.947622722865689,0.9506821218059739,0.321811,0.0030594,578
683.039726,612,,,0.947622722865689,0.9506821218059739,0.321811,0.0030594,579
684.366081,613,,L,0.9476227228668463,0.9506821218059739,0.321811,0.0030594,580
685.706058,614,,,0.9476227228668463,0.9506821218059739,0.321811,0.0030594,581
687.053048,615,,L,0.9476227228680036,0.9506821218059739,0.321811,0.0030594,582
688.360302,616,,,0.9476227228680036,0.9506821218059739,0.321811,0.0030594,583
689.622195,617,,L,0.9476227228691609,0.9506821218059739,0.321811,0.0030594,584
690.892766,618,,,0.9476227228691609,0.9506821218059739,0.321811,0.0030594,585
692.172343,619,,L,0.9476227228703183,0.9506821218059739,0.321811,0.0030594,586
693.481985,620,,,0.9476227228703183,0.9506821218059739,0.321811,0.0030594,587
694.791687,621,,L,0.9476227228714758,0.9506821218059739,0.321811,0.0030594,588
696.036413,622,,,0.9476227228714758,0.9506821218059739,0.321811,0.0030594,589
697.407239,623,,L,0.9476227228726333,0.9506821218059739,0.321811,0.0030594,590
698.759394,624,,,0.9476227228726333,0.9506821218059739,0.321811,0.0030594,591
700.033439,625,,L,0.9476227228737908,0.9506821218059739,0.321811,0.0030594,592
701.32526,626,,,0.9476227228737908,0.9506821218059739,0.321811,0.0030594,593
702.687444,627,,L,0.9476227228749483,0.9506821218059739,0.321811,0.0030594,594
704.036118,628,,,0.9476227228749483,0.9506821218059739,0.321811,0.0030594,595
705.408339,629,,L,0.9476227228761059,0.9506821218059739,0.321811,0.0030594,596
706.71984,630,,,0.9476227228761059,0.9506821218059739,0.321811,0.0030594,597
708.109802,631,,L,0.9476227228772636,0.9506821218059739,0.321811,0.0030594,598
709.40529,632,,,0.9476227228772636,0.9506821218059739,0.321811,0.0030594,599
710.729712,633,,L,0.9476227228784213,0.9506821218059739,0.321811,0.0030594,600
712.027554,634,,,0.9476227228784213,0.9506821218059739,0.321811,0.0030594,601
713.355282,635,,L,0.9476227228795793,0.9506821218059739,0.321811,0.0030594,602
714.710544,636,,,0.9476227228795793,0.9506821218059739,0.321811,0.0030594,603
715.955397,637,,L,0.9476227228807372,0.9506821218059739,0.321811,0.0030594,604
717.252105,638,,,0.9476227228807372,0.9506821218059739,0.321811,0.0030594,605
718.530863,639,,L,0.9476227228818952,0.9506821218059739,0.321811,0.0030594,606
719.803371,640,,,0.9476227228818952,0.9506821218059739,0.321811,0.0030594,607
721.110464,641,,L,0.9476227228830533,0.9506821218059739,0.321811,0.0030594,608
722.491555,642,,,0.9476227228830533,0.9506821218059739,0.321811,0.0030594,609
723.889348,643,,L,0.9476227228842116,0.9506821218059739,0.321811,0.0030594,610
725.299661,644,,,0.9476227228842116,0.9506821218059739,0.321811,0.0030594,611
726.709905,645,,L,0.94762272288537,0.9506821218059739,0.321811,0.0030594,612
728.399292,646,,,0.94762272288537,0.9506821218059739,0.321811,0.0030594,613
729.758976,647,,L,0.9476227228865285,0.9506821218059739,0.321811,0.0030594,614
731.090495,648,,,0.9476227228865285,0.9506821218059739,0.321811,0.0030594,615
732.487766,649,,L,0.9476227228876872,0.9506821218059739,0.321811,0.0030594,616
733.87366,650,,,0.9476227228876872,0.9506821218059739,0.321811,0.0030594,617
735.208837,651,,L,0.9476227228888463,0.9506821218059739,0.321811,0.0030594,618
736.518592,652,,,0.9476227228888463,0.9506821218059739,0.321811,0.0030594,619
737.790526,653,,L,0.9476227228900053,0.9506821218059739,0.321811,0.0030594,620
739.046779,654,,,0.9476227228900053,0.9506821218059739,0.321811,0.0030594,621
740.367326,655,,L,0.9476227228911647,0.9506821218059739,0.321811,0.0030594,622
741.660534,656,,,0.9476227228911647,0.9506821218059739,0.321811,0.0030594,623
743.008013,657,,L,0.9476227228923243,0.9506821218059739,0.321811,0.0030594,624
744.310835,658,,,0.9476227228923243,0.9506821218059739,0.321811,0.0030594,625
745.721829,659,,L,0.9476227228934841,0.9506821218059739,0.321811,0.0030594,626
747.079832,660,,,0.9476227228934841,0.9506821218059739,0.321811,0.0030594,627
748.442928,661,,L,0.9476227228946444,0.9506821218059739,0.321811,0.0030594,628
749.847656,662,,,0.9476227228946444,0.9506821218059739,0.321811,0.0030594,629
751.185924,663,,L,0.947622722895805,0.9506821218059739,0.321811,0.0030594,630
752.529887,664,,,0.947622722895805,0.9506821218059739,0.321811,0.0030594,631
753.81215,665,,L,0.947622722896966,0.9506821218059739,0.321811,0.0030594,632
755.087514,666,,,0.947622722896966,0.9506821218059739,0.321811,0.0030594,633
756.41384,667,,L,0.9476227228981274,0.9506821218059739,0.321811,0.0030594,634
757.719229,668,,,0.9476227228981274,0.9506821218059739,0.321811,0.0030594,635
758.999225,669,,L,0.9476227228992893,0.9506821218059739,0.321811,0.0030594,636
760.298829,670,,,0.9476227228992893,0.9506821218059739,0.321811,0.0030594,637
761.554235,671,,L,0.9476227229004519,0.9506821218059739,0.321811,0.0030594,638
762.778462,672,,,0.9476227229004519,0.9506821218059739,0.321811,0.0030594,639
764.084182,673,,L,0.9476227229016149,0.9506821218059739,0.321811,0.0030594,640
765.661341,674,,,0.9476227229016149,0.9506821218059739,0.321811,0.0030594,641
767.00319,675,,L,0.9476227229027787,0.9506821218059739,0.321811,0.0030594,642
768.405767,676,,,0.9476227229027787,0.9506821218059739,0.321811,0.0030594,643
769.787704,677,,L,0.9476227229039389,0.9506821218059739,0.321811,0.0030594,644
771.172145,678,,,0.9476227229039389,0.9506821218059739,0.321811,0.0030594,645
772.437559,679,,L,0.9476227229050957,0.9506821218059739,0.321811,0.0030594,646
773.712513,680,,,0.9476227229050957,0.9506821218059739,0.321811,0.0030594,647
775.062557,681,,L,0.9476227229062529,0.9506821218059739,0.321811,0.0030594,648
776.414635,682,,,0.9476227229062529,0.9506821218059739,0.321811,0.0030594,649
777.693204,683,,L,0.9476227229074099,0.9506821218059739,0.321811,0.0030594,650
778.958739,684,,,0.9476227229074099,0.9506821218059739,0.321811,0.0030594,651
780.275367,685,,L,0.947622722908567,0.9506821218059739,0.321811,0.0030594,652
781.57477,686,,,0.947622722908567,0.9506821218059739,0.321811,0.0030594,653
782.855835,687,,L,0.9476227229097239,0.9506821218059739,0.321811,0.0030594,654
784.077541,688,,,0.9476227229097239,0.9506821218059739,0.321811,0.0030594,655
785.349486,689,,L,0.9476227229108809,0.9506821218059739,0.321811,0.0030594,656
786.609454,690,,,0.9476227229108809,0.9506821218059739,0.321811,0.0030594,657
787.895582,691,,L,0.947622722912038,0.9506821218059739,0.321811,0.0030594,658
789.170866,692,,,0.947622722912038,0.9506821218059739,0.321811,0.0030594,659
790.534681,693,,L,0.947622722913195,0.9506821218059739,0.321811,0.0030594,660
791.923177,694,,,0.947622722913195,0.9506821218059739,0.321811,0.0030594,661
793.249906,695,,L,0.9476227229143521,0.9506821218059739,0.321811,0.0030594,662
794.556238,696,,,0.9476227229143521,0.9506821218059739,0.321811,0.0030594,663
795.935558,697,,L,0.947622722915509,0.9506821218059739,0.321811,0.0030594,664
797.329815,698,,,0.947622722915509,0.9506821218059739,0.321811,0.0030594,665
798.610971,699,,L,0.947622722916666,0.9506821218059739,0.321811,0.0030594,666
799.929799,700,,,0.947622722916666,0.9506821218059739,0.321811,0.0030594,667
801.276526,701,,L,0.9476227229178231,0.9506821218059739,0.321811,0.0030594,668
802.565436,702,,,0.9476227229178231,0.9506821218059739,0.321811,0.0030594,669
803.811913,703,,L,0.9476227229189802,0.9506821218059739,0.321811,0.0030594,670
805.1941,704,,,0.9476227229189802,0.9506821218059739,0.321811,0.0030594,671
806.510164,705,,L,0.9476227229201372,0.9506821218059739,0.321811,0.0030594,672
807.794538,706,,,0.9476227229201372,0.9506821218059739,0.321811,0.0030594,673
809.078734,707,,L,0.9476227229212941,0.9506821218059739,0.321811,0.0030594,674
810.371533,708,,,0.9476227229212941,0.9506821218059739,0.321811,0.0030594,675
811.696759,709,,L,0.9476227229224512,0.9506821218059739,0.321811,0.0030594,676
812.96389,710,,,0.9476227229224512,0.9506821218059739,0.321811,0.0030594,677
814.239263,711,,L,0.9476227229236083,0.9506821218059739,0.321811,0.0030594,678
815.328077,712,,,0.9476227229236083,0.9506821218059739,0.321811,0.0030594,679
816.493355,713,,L,0.9476227229247234,0.9506821218059739,0.321811,0.0030594,680
817.657615,714,,,0.9476227229247234,0.9506821218059739,0.321811,0.0030594,681
818.76521,715,,,0.9476227229247234,0.9506821218059739,0.321811,0.0030594,682
819.910706,716,,,0.9476227229247234,0.9506821218059739,0.321811,0.0030594,683
821.086141,717,,L,0.9476228133430203,0.9506821218059739,0.321801,0.00305931,684
822.260536,718,,,0.9476228133430203,0.9506821218059739,0.321801,0.00305931,685
823.390507,719,,L,0.9476228133441356,0.9506821218059739,0.321801,0.00305931,686
824.574509,720,,,0.9476228133441356,0.9506821218059739,0.321801,0.00305931,687
825.700568,721,,,0.9476228133441356,0.9506821218059739,0.321801,0.00305931,688
826.803038,722,,,0.9476228133441356,0.9506821218059739,0.321801,0.00305931,689
827.921447,723,,L,0.9476228233886234,0.9506821218059739,0.3218,0.0030593,690
829.033798,724,,,0.9476228233886234,0.9506821218059739,0.3218,0.0030593,691
830.147381,725,,L,0.9476228233897386,0.9506821218059739,0.3218,0.0030593,692
831.288823,726,,,0.9476228233897386,0.9506821218059739,0.3218,0.0030593,693
832.475659,727,,,0.9476228233897386,0.9506821218059739,0.3218,0.0030593,694
833.634273,728,,,0.9476228233897386,0.9506821218059739,0.3218,0.0030593,695
834.815725,729,,L,0.9476228345505344,0.9506821218059739,0.321799,0.00305929,696
835.901736,730,,,0.9476228345505344,0.9506821218059739,0.321799,0.00305929,697
837.008488,731,,L,0.9476228345516496,0.9506821218059739,0.321799,0.00305929,698
838.096036,732,,,0.9476228345516496,0.9506821218059739,0.321799,0.00305929,699
839.250851,733,,,0.9476228345516496,0.9506821218059739,0.321799,0.00305929,700
840.41801,734,,,0.9476228345516496,0.9506821218059739,0.321799,0.00305929,701
841.61143,735,,L,0.9476228469527881,0.9506821218059739,0.321798,0.00305927,702
842.741079,736,,,0.9476228469527881,0.9506821218059739,0.321798,0.00305927,703
843.848473,737,,L,0.9476228469539034,0.9506821218059739,0.321798,0.00305927,704
844.981965,738,,,0.9476228469539034,0.9506821218059739,0.321798,0.00305927,705
846.076194,739,,,0.9476228469539034,0.9506821218059739,0.321798,0.00305927,706
847.175178,740,,,0.9476228469539034,0.9506821218059739,0.321798,0.00305927,707
848.317748,741,,L,0.9476228607332005,0.9506821218059739,0.321796,0.00305926,708
849.437069,742,,,0.9476228607332005,0.9506821218059739,0.321796,0.00305926,709
850.545578,743,,L,0.9476228607343158,0.9506821218059739,0.321796,0.00305926,710
851.681138,744,,,0.9476228607343158,0.9506821218059739,0.321796,0.00305926,711
852.920838,745,,,0.9476228607343158,0.9506821218059739,0.321796,0.00305926,712
854.039695,746,,,0.9476228607343158,0.9506821218059739,0.321796,0.00305926,713
855.176006,747,,L,0.9476228760449007,0.9506821218059739,0.321795,0.00305925,714
856.327296,748,,,0.9476228760449007,0.9506821218059739,0.321795,0.00305925,715
857.475051,749,,L,0.947622876046016,0.9506821218059739,0.321795,0.00305925,716
858.582749,750,,,0.947622876046016,0.9506821218059739,0.321795,0.00305925,717
859.739385,751,,,0.947622876046016,0.9506821218059739,0.321795,0.00305925,718
860.85787,752,,,0.947622876046016,0.9506821218059739,0.321795,0.00305925,719
861.98965,753,,L,0.9476228930580324,0.9506821218059739,0.321793,0.00305923,720
863.093421,754,,,0.9476228930580324,0.9506821218059739,0.321793,0.00305923,721
864.267704,755,,L,0.9476228930591477,0.9506821218059739,0.321793,0.00305923,722
865.372896,756,,,0.9476228930591477,0.9506821218059739,0.321793,0.00305923,723
866.462815,757,,,0.9476228930591477,0.9506821218059739,0.321793,0.00305923,724
867.60135,758,,,0.9476228930591477,0.9506821218059739,0.321793,0.00305923,725
868.767955,759,,L,0.9476229119616435,0.9506821218059739,0.321791,0.00305921,726
869.918472,760,,,0.9476229119616435,0.9506821218059739,0.321791,0.00305921,727
871.064231,761,,L,0.9476229119627589,0.9506821218059739,0.321791,0.00305921,728
872.19838,762,,,0.9476229119627589,0.9506821218059739,0.321791,0.00305921,729
873.376456,763,,,0.9476229119627589,0.9506821218059739,0.321791,0.00305921,730
874.502235,764,,,0.9476229119627589,0.9506821218059739,0.321791,0.00305921,731
875.661198,765,,L,0.9476229329657883,0.9506821218059739,0.321789,0.00305919,732
876.806698,766,,,0.9476229329657883,0.9506821218059739,0.321789,0.00305919,733
877.944076,767,,L,0.9476229329669037,0.9506821218059739,0.321789,0.00305919,734
879.03596,768,,,0.9476229329669037,0.9506821218059739,0.321789,0.00305919,735
880.298725,769,,,0.9476229329669037,0.9506821218059739,0.321789,0.00305919,736
881.521659,770,,,0.9476229329669037,0.9506821218059739,0.321789,0.00305919,737
882.713617,771,,L,0.9476229563038594,0.9506821218059739,0.321786,0.00305917,738
883.870089,772,,,0.9476229563038594,0.9506821218059739,0.321786,0.00305917,739
884.975421,773,,L,0.9476229563049747,0.9506821218059739,0.321786,0.00305917,740
886.147965,774,,,0.9476229563049747,0.9506821218059739,0.321786,0.00305917,741
887.349472,775,,,0.9476229563049747,0.9506821218059739,0.321786,0.00305917,742
888.526287,776,,,0.9476229563049747,0.9506821218059739,0.321786,0.00305917,743
889.76168,777,,L,0.9476229822351824,0.9506821218059739,0.321784,0.00305914,744
890.841813,778,,,0.9476229822351824,0.9506821218059739,0.321784,0.00305914,745
891.880766,779,,L,0.9476229822362977,0.9506821218059739,0.321784,0.00305914,746
892.969377,780,,,0.9476229822362977,0.9506821218059739,0.321784,0.00305914,747
894.132508,781,,,0.9476229822362977,0.9506821218059739,0.321784,0.00305914,748
895.307603,782,,,0.9476229822362977,0.9506821218059739,0.321784,0.00305914,749
896.478133,783,,L,0.9476230110478965,0.9506821218059739,0.321781,0.00305911,750
897.603908,784,,,0.9476230110478965,0.9506821218059739,0.321781,0.00305911,751
898.731281,785,,L,0.947623011049012,0.9506821218059739,0.321781,0.00305911,752
899.876102,786,,,0.947623011049012,0.9506821218059739,0.321781,0.00305911,753
900.995627,787,,,0.947623011049012,0.9506821218059739,0.321781,0.00305911,754
902.1117,788,,,0.947623011049012,0.9506821218059739,0.321781,0.00305911,755
903.264045,789,,L,0.9476230430621564,0.9506821218059739,0.321777,0.00305908,756
904.434114,790,,,0.9476230430621564,0.9506821218059739,0.321777,0.00305908,757
905.503088,791,,L,0.9476230430632718,0.9506821218059739,0.321777,0.00305908,758
906.564095,792,,,0.9476230430632718,0.9506821218059739,0.321777,0.00305908,759
907.698546,793,,,0.9476230430632718,0.9506821218059739,0.321777,0.00305908,760
908.824128,794,,,0.9476230430632718,0.9506821218059739,0.321777,0.00305908,761
909.858536,795,,L,0.9476230786336889,0.9506821218059739,0.321774,0.00305904,762
910.860165,796,,,0.9476230786336889,0.9506821218059739,0.321774,0.00305904,763
911.90292,797,,L,0.9476230786348043,0.9506821218059739,0.321774,0.00305904,764
912.977122,798,,,0.9476230786348043,0.9506821218059739,0.321774,0.00305904,765
913.935791,799,,,0.9476230786348043,0.9506821218059739,0.321774,0.00305904,766
914.848115,800,,,0.9476230786348043,0.9506821218059739,0.321774,0.00305904,767
915.718376,801,,L,0.9476231181577452,0.9506821218059739,0.321769,0.003059,768
916.625812,802,,,0.9476231181577452,0.9506821218059739,0.321769,0.003059,769
917.664847,803,,L,0.9476231181588607,0.9506821218059739,0.321769,0.003059,770
918.609952,804,,,0.9476231181588607,0.9506821218059739,0.321769,0.003059,771
919.521499,805,,,0.9476231181588607,0.9506821218059739,0.321769,0.003059,772
920.36194,806,,,0.9476231181588607,0.9506821218059739,0.321769,0.003059,773
921.234991,807,,L,0.9476231620734924,0.9506821218059739,0.321765,0.00305896,774
922.053081,808,,,0.9476231620734924,0.9506821218059739,0.321765,0.00305896,775
922.888146,809,,L,0.9476231620746078,0.9506821218059739,0.321765,0.00305896,776
923.734498,810,,,0.9476231620746078,0.9506821218059739,0.321765,0.00305896,777
924.638305,811,,,0.9476231620746078,0.9506821218059739,0.321765,0.00305896,778
925.486752,812,,,0.9476231620746078,0.9506821218059739,0.321765,0.00305896,779
926.331784,813,,L,0.9476232108688922,0.9506821218059739,0.32176,0.00305891,780
927.175581,814,,,0.9476232108688922,0.9506821218059739,0.32176,0.00305891,781
928.016196,815,,L,0.9476232108700078,0.9506821218059739,0.32176,0.00305891,782
928.858281,816,,,0.9476232108700078,0.9506821218059739,0.32176,0.00305891,783
929.737274,817,,,0.9476232108700078,0.9506821218059739,0.32176,0.00305891,784
930.633699,818,,,0.9476232108700078,0.9506821218059739,0.32176,0.00305891,785
931.495633,819,,L,0.9476232650861223,0.9506821218059739,0.321754,0.00305886,786
932.322621,820,,,0.9476232650861223,0.9506821218059739,0.321754,0.00305886,787
933.143455,821,,L,0.9476232650872378,0.9506821218059739,0.321754,0.00305886,788
933.969443,822,,,0.9476232650872378,0.9506821218059739,0.321754,0.00305886,789
934.833049,823,,,0.9476232650872378,0.9506821218059739,0.321754,0.00305886,790
935.671996,824,,,0.9476232650872378,0.9506821218059739,0.321754,0.00305886,791
936.65398,825,,L,0.9476233253276052,0.9506821218059739,0.321748,0.0030588,792
937.590954,826,,,0.9476233253276052,0.9506821218059739,0.321748,0.0030588,793
938.546615,827,,L,0.9476233253287207,0.9506821218059739,0.321748,0.0030588,794
939.415057,828,,,0.9476233253287207,0.9506821218059739,0.321748,0.0030588,795
940.409268,829,,,0.9476233253287207,0.9506821218059739,0.321748,0.0030588,796
941.29138,830,,,0.9476233253287207,0.9506821218059739,0.321748,0.0030588,797
942.157424,831,,L,0.9476233922626808,0.9506821218059739,0.321741,0.00305873,798
943.058759,832,,,0.9476233922626808,0.9506821218059739,0.321741,0.00305873,799
943.928829,833,,L,0.9476233922637963,0.9506821218059739,0.321741,0.00305873,800
944.7776,834,,,0.9476233922637963,0.9506821218059739,0.321741,0.00305873,801
945.656158,835,,,0.9476233922637963,0.9506821218059739,0.321741,0.00305873,802
946.511609,836,,,0.9476233922637963,0.9506821218059739,0.321741,0.00305873,803
947.350889,837,,L,0.9476234666350594,0.9506821218059739,0.321733,0.00305866,804
948.208323,838,,,0.9476234666350594,0.9506821218059739,0.321733,0.00305866,805
949.043821,839,,L,0.947623466636175,0.9506821218059739,0.321733,0.00305866,806
949.932361,840,,,0.947623466636175,0.9506821218059739,0.321733,0.00305866,807
950.816759,841,,,0.947623466636175,0.9506821218059739,0.321733,0.00305866,808
951.688652,842,,,0.947623466636175,0.9506821218059739,0.321733,0.00305866,809
952.664679,843,,L,0.9476235492710758,0.9506821218059739,0.321724,0.00305857,810
953.545218,844,,,0.9476235492710758,0.9506821218059739,0.321724,0.00305857,811
954.41349,845,,L,0.9476235492721915,0.9506821218059739,0.321724,0.00305857,812
955.282656,846,,,0.9476235492721915,0.9506821218059739,0.321724,0.00305857,813
956.161868,847,,,0.9476235492721915,0.9506821218059739,0.321724,0.00305857,814
957.080687,848,,,0.9476235492721915,0.9506821218059739,0.321724,0.00305857,815
957.979418,849,,L,0.9476236410888647,0.9506821218059739,0.321714,0.00305848,816
959.071428,850,,,0.9476236410888647,0.9506821218059739,0.321714,0.00305848,817
960.117102,851,,L,0.9476236410900223,0.9506821218059739,0.321714,0.00305848,818
961.027151,852,,,0.9476236410900223,0.9506821218059739,0.321714,0.00305848,819
961.878805,853,,L,0.9476236410911381,0.9506821218059739,0.321714,0.00305848,820
962.867205,854,,,0.9476236410911381,0.9506821218059739,0.321714,0.00305848,821
963.799089,855,,,0.9476236410911381,0.9506821218059739,0.321714,0.00305848,822
964.689903,856,,,0.9476236410911381,0.9506821218059739,0.321714,0.00305848,823
965.570019,857,,L,0.9476237329085192,0.9506821218059739,0.321705,0.00305839,824
966.401297,858,,,0.9476237329085192,0.9506821218059739,0.321705,0.00305839,825
967.250524,859,,L,0.9476237329096351,0.9506821218059739,0.321705,0.00305839,826
968.123437,860,,,0.9476237329096351,0.9506821218059739,0.321705,0.00305839,827
968.987997,861,,,0.9476237329096351,0.9506821218059739,0.321705,0.00305839,828
969.85963,862,,,0.9476237329096351,0.9506821218059739,0.321705,0.00305839,829
970.759162,863,,L,0.9476237431085549,0.9506821218059739,0.321704,0.00305838,830
971.773205,864,,,0.9476237431085549,0.9506821218059739,0.321704,0.00305838,831
972.825971,865,,L,0.9476237431097125,0.9506821218059739,0.321704,0.00305838,832
973.843952,866,,,0.9476237431097125,0.9506821218059739,0.321704,0.00305838,833
974.921417,867,,L,0.9476237431108703,0.9506821218059739,0.321704,0.00305838,834
975.790512,868,,,0.9476237431108703,0.9506821218059739,0.321704,0.00305838,835
976.670814,869,,L,0.947623743111986,0.9506821218059739,0.321704,0.00305838,836
977.540452,870,,,0.947623743111986,0.9506821218059739,0.321704,0.00305838,837
978.409289,871,,,0.947623743111986,0.9506821218059739,0.321704,0.00305838,838
979.264681,872,,,0.947623743111986,0.9506821218059739,0.321704,0.00305838,839
980.224513,873,,L,0.9476238349290311,0.9506821218059739,0.321694,0.00305829,840
981.165866,874,,,0.9476238349290311,0.9506821218059739,0.321694,0.00305829,841
982.150177,875,,L,0.9476238349301469,0.9506821218059739,0.321694,0.00305829,842
983.016417,876,,,0.9476238349301469,0.9506821218059739,0.321694,0.00305829,843
983.936888,877,,,0.9476238349301469,0.9506821218059739,0.321694,0.00305829,844
984.915292,878,,,0.9476238349301469,0.9506821218059739,0.321694,0.00305829,845
985.809587,879,,L,0.947623845130029,0.9506821218059739,0.321693,0.00305828,846
986.675664,880,,,0.947623845130029,0.9506821218059739,0.321693,0.00305828,847
987.567882,881,,L,0.947623845131145,0.9506821218059739,0.321693,0.00305828,848
988.427284,882,,,0.947623845131145,0.9506821218059739,0.321693,0.00305828,849
989.45036,883,,,0.947623845131145,0.9506821218059739,0.321693,0.00305828,850
990.306601,884,,,0.947623845131145,0.9506821218059739,0.321693,0.00305828,851
991.209174,885,,L,0.9476238564635939,0.9506821218059739,0.321692,0.00305827,852
992.225819,886,,,0.9476238564635939,0.9506821218059739,0.321692,0.00305827,853
993.233577,887,,L,0.9476238564647517,0.9506821218059739,0.321692,0.00305827,854
994.229306,888,,,0.9476238564647517,0.9506821218059739,0.321692,0.00305827,855
995.244218,889,,L,0.9476238564659094,0.9506821218059739,0.321692,0.00305827,856
996.278197,890,,,0.9476238564659094,0.9506821218059739,0.321692,0.00305827,857
997.341623,891,,L,0.9476238564670671,0.9506821218059739,0.321692,0.00305827,858
998.233822,892,,,0.9476238564670671,0.9506821218059739,0.321692,0.00305827,859
999.120765,893,,L,0.9476238564681831,0.9506821218059739,0.321692,0.00305827,860
999.975533,894,,,0.9476238564681831,0.9506821218059739,0.321692,0.00305827,861
1000.866163,895,,,0.9476238564681831,0.9506821218059739,0.321692,0.00305827,862
1001.722377,896,,,0.9476238564681831,0.9506821218059739,0.321692,0.00305827,863
1002.594714,897,,L,0.947623948284833,0.9506821218059739,0.321682,0.00305817,864
1003.460602,898,,,0.947623948284833,0.9506821218059739,0.321682,0.00305817,865
1004.329227,899,,L,0.9476239482859489,0.9506821218059739,0.321682,0.00305817,866
1005.204141,900,,,0.9476239482859489,0.9506821218059739,0.321682,0.00305817,867
1006.079069,901,,,0.9476239482859489,0.9506821218059739,0.321682,0.00305817,868
1007.067486,902,,,0.9476239482859489,0.9506821218059739,0.321682,0.00305817,869
1007.972357,903,,L,0.9476239584857844,0.9506821218059739,0.321681,0.00305816,870
1008.885396,904,,,0.9476239584857844,0.9506821218059739,0.321681,0.00305816,871
1009.836765,905,,L,0.9476239584869004,0.9506821218059739,0.321681,0.00305816,872
1010.717297,906,,,0.9476239584869004,0.9506821218059739,0.321681,0.00305816,873
1011.627262,907,,,0.9476239584869004,0.9506821218059739,0.321681,0.00305816,874
1012.526081,908,,,0.9476239584869004,0.9506821218059739,0.321681,0.00305816,875
1013.398894,909,,L,0.9476239698202997,0.9506821218059739,0.32168,0.00305815,876
1014.365045,910,,,0.9476239698202997,0.9506821218059739,0.32168,0.00305815,877
1015.391146,911,,L,0.9476239698214157,0.9506821218059739,0.32168,0.00305815,878
1016.592553,912,,,0.9476239698214157,0.9506821218059739,0.32168,0.00305815,879
1017.479187,913,,,0.9476239698214157,0.9506821218059739,0.32168,0.00305815,880
1018.358572,914,,,0.9476239698214157,0.9506821218059739,0.32168,0.00305815,881
1019.347723,915,,L,0.9476239824133263,0.9506821218059739,0.321678,0.00305814,882
1020.362118,916,,,0.9476239824133263,0.9506821218059739,0.321678,0.00305814,883
1021.43916,917,,L,0.9476239824144843,0.9506821218059739,0.321678,0.00305814,884
1022.474953,918,,,0.9476239824144843,0.9506821218059739,0.321678,0.00305814,885
1023.517835,919,,L,0.947623982415642,0.9506821218059739,0.321678,0.00305814,886
1024.569835,920,,,0.947623982415642,0.9506821218059739,0.321678,0.00305814,887
1025.607373,921,,L,0.9476239824167999,0.9506821218059739,0.321678,0.00305814,888
1026.638114,922,,,0.9476239824167999,0.9506821218059739,0.321678,0.00305814,889
1027.700546,923,,L,0.9476239824179576,0.9506821218059739,0.321678,0.00305814,890
1028.648154,924,,,0.9476239824179576,0.9506821218059739,0.321678,0.00305814,891
1029.612191,925,,L,0.9476239824190738,0.9506821218059739,0.321678,0.00305814,892
1030.498552,926,,,0.9476239824190738,0.9506821218059739,0.321678,0.00305814,893
1031.361646,927,,,0.9476239824190738,0.9506821218059739,0.321678,0.00305814,894
1032.26215,928,,,0.9476239824190738,0.9506821218059739,0.321678,0.00305814,895
1033.140081,929,,L,0.9476240742352506,0.9506821218059739,0.321669,0.00305805,896
1034.031832,930,,,0.9476240742352506,0.9506821218059739,0.321669,0.00305805,897
1034.935068,931,,L,0.9476240742363666,0.9506821218059739,0.321669,0.00305805,898
1035.848881,932,,,0.9476240742363666,0.9506821218059739,0.321669,0.00305805,899
1036.914294,933,,,0.9476240742363666,0.9506821218059739,0.321669,0.00305805,900
1037.819276,934,,,0.9476240742363666,0.9506821218059739,0.321669,0.00305805,901
1038.74663,935,,L,0.947624084436147,0.9506821218059739,0.321668,0.00305804,902
1039.640064,936,,,0.947624084436147,0.9506821218059739,0.321668,0.00305804,903
1040.531225,937,,L,0.947624084437263,0.9506821218059739,0.321668,0.00305804,904
1041.454831,938,,,0.947624084437263,0.9506821218059739,0.321668,0.00305804,905
1042.499486,939,,,0.947624084437263,0.9506821218059739,0.321668,0.00305804,906
1043.400284,940,,,0.947624084437263,0.9506821218059739,0.321668,0.00305804,907
1044.433475,941,,L,0.9476240957706001,0.9506821218059739,0.321667,0.00305803,908
1045.337874,942,,,0.9476240957706001,0.9506821218059739,0.321667,0.00305803,909
1046.34395,943,,L,0.9476240957717162,0.9506821218059739,0.321667,0.00305803,910
1047.327214,944,,,0.9476240957717162,0.9506821218059739,0.321667,0.00305803,911
1048.22995,945,,,0.9476240957717162,0.9506821218059739,0.321667,0.00305803,912
1049.111529,946,,,0.9476240957717162,0.9506821218059739,0.321667,0.00305803,913
1050.041625,947,,L,0.94762410836456,0.9506821218059739,0.321665,0.00305801,914
1050.932244,948,,,0.94762410836456,0.9506821218059739,0.321665,0.00305801,915
1051.815992,949,,L,0.947624108365676,0.9506821218059739,0.321665,0.00305801,916
1052.729889,950,,,0.947624108365676,0.9506821218059739,0.321665,0.00305801,917
1053.661563,951,,,0.947624108365676,0.9506821218059739,0.321665,0.00305801,918
1054.566088,952,,,0.947624108365676,0.9506821218059739,0.321665,0.00305801,919
1055.447027,953,,L,0.947624122356967,0.9506821218059739,0.321664,0.003058,920
1056.631801,954,,,0.947624122356967,0.9506821218059739,0.321664,0.003058,921
1057.720501,955,,L,0.947624122358125,0.9506821218059739,0.321664,0.003058,922
1058.870452,956,,,0.947624122358125,0.9506821218059739,0.321664,0.003058,923
1060.035142,957,,L,0.9476241223592827,0.9506821218059739,0.321664,0.003058,924
1061.11367,958,,,0.9476241223592827,0.9506821218059739,0.321664,0.003058,925
1062.151407,959,,L,0.9476241223604407,0.9506821218059739,0.321664,0.003058,926
1063.173621,960,,,0.9476241223604407,0.9506821218059739,0.321664,0.003058,927
1064.209458,961,,L,0.9476241223615987,0.9506821218059739,0.321664,0.003058,928
1065.338668,962,,,0.9476241223615987,0.9506821218059739,0.321664,0.003058,929
1066.385026,963,,L,0.9476241223627564,0.9506821218059739,0.321664,0.003058,930
1067.274052,964,,,0.9476241223627564,0.9506821218059739,0.321664,0.003058,931
1068.153189,965,,L,0.9476241223638725,0.9506821218059739,0.321664,0.003058,932
1069.130239,966,,,0.9476241223638725,0.9506821218059739,0.321664,0.003058,933
1070.072714,967,,,0.9476241223638725,0.9506821218059739,0.321664,0.003058,934
1070.956828,968,,,0.9476241223638725,0.9506821218059739,0.321664,0.003058,935
1071.875538,969,,L,0.9476242141794751,0.9506821218059739,0.321654,0.00305791,936
1072.982009,970,,,0.9476242141794751,0.9506821218059739,0.321654,0.00305791,937
1073.879212,971,,L,0.9476242141805912,0.9506821218059739,0.321654,0.00305791,938
1074.784335,972,,,0.9476242141805912,0.9506821218059739,0.321654,0.00305791,939
1075.721688,973,,,0.9476242141805912,0.9506821218059739,0.321654,0.00305791,940
1076.633991,974,,,0.9476242141805912,0.9506821218059739,0.321654,0.00305791,941
1077.590189,975,,L,0.9476242243803046,0.9506821218059739,0.321653,0.0030579,942
1078.519459,976,,,0.9476242243803046,0.9506821218059739,0.321653,0.0030579,943
1079.638967,977,,L,0.9476242243814208,0.9506821218059739,0.321653,0.0030579,944
1080.662499,978,,,0.9476242243814208,0.9506821218059739,0.321653,0.0030579,945
1081.616934,979,,,0.9476242243814208,0.9506821218059739,0.321653,0.0030579,946
1082.535903,980,,,0.9476242243814208,0.9506821218059739,0.321653,0.0030579,947
1083.552663,981,,L,0.9476242357146831,0.9506821218059739,0.321652,0.00305789,948
1084.75406,982,,,0.9476242357146831,0.9506821218059739,0.321652,0.00305789,949
1085.950941,983,,L,0.9476242357157991,0.9506821218059739,0.321652,0.00305789,950
1087.076044,984,,,0.9476242357157991,0.9506821218059739,0.321652,0.00305789,951
1088.423029,985,,,0.9476242357157991,0.9506821218059739,0.321652,0.00305789,952
1089.603209,986,,,0.9476242357157991,0.9506821218059739,0.321652,0.00305789,953
1090.918003,987,,L,0.9476242483085588,0.9506821218059739,0.32165,0.00305787,954
1092.058012,988,,,0.9476242483085588,0.9506821218059739,0.32165,0.00305787,955
1093.162696,989,,L,0.9476242483096751,0.9506821218059739,0.32165,0.00305787,956
1094.333625,990,,,0.9476242483096751,0.9506821218059739,0.32165,0.00305787,957
1095.628742,991,,,0.9476242483096751,0.9506821218059739,0.32165,0.00305787,958
1097.052483,992,,,0.9476242483096751,0.9506821218059739,0.32165,0.00305787,959
1098.227866,993,,L,0.9476242623018747,0.9506821218059739,0.321649,0.00305786,960
1099.318126,994,,,0.9476242623018747,0.9506821218059739,0.321649,0.00305786,961
1100.584322,995,,L,0.9476242623029909,0.9506821218059739,0.321649,0.00305786,962
1101.661697,996,,,0.9476242623029909,0.9506821218059739,0.321649,0.00305786,963
1102.754638,997,,,0.9476242623029909,0.9506821218059739,0.321649,0.00305786,964
1103.793133,998,,,0.9476242623029909,0.9506821218059739,0.321649,0.00305786,965
1104.884344,999,,L,0.9476242778491182,0.9506821218059739,0.321647,0.00305784,966
1106.083785,1000,,,0.9476242778491182,0.9506821218059739,0.321647,0.00305784,967
1107.347515,1001,,L,0.9476244506170046,0.9506821218059739,0.321629,0.00305767,968
