Time (s),# Nodes,LB,UB,Rel. Gap,Abs. Gap,best_LB_ever,best_UB_ever,active_count,is_active
221.291,8,0.979286444,0.979664409,0.0385811%,0.00038,0.979286444,0.979664409,3,True
497.919,9,0.979206804,0.979664409,0.0467104%,0.00046,0.979286444,0.979664409,6,True
985.801,10,0.979200983,0.979664409,0.0473045%,0.00046,0.979286444,0.979664409,9,True
1163.875,11,0.979201004,0.979664409,0.0473024%,0.00046,0.979286444,0.979664409,12,True
1231.017,12,0.979201048,0.979664409,0.0472979%,0.00046,0.979286444,0.979664409,15,True
1265.076,13,0.979201025,0.979664409,0.0473003%,0.00046,0.979286444,0.979664409,18,True
1299.012,14,0.979201020,0.979664409,0.0473007%,0.00046,0.979286444,0.979664409,19,True
1360.230,15,0.979201024,0.979664409,0.0473003%,0.00046,0.979286444,0.979664409,22,True
1393.686,16,0.979201026,0.979664409,0.0473001%,0.00046,0.979286444,0.979664409,25,True
1427.186,17,0.979201024,0.979664409,0.0473003%,0.00046,0.979286444,0.979664409,26,True
1490.089,18,0.979201058,0.979664409,0.0472969%,0.00046,0.979286444,0.979664409,29,True
1526.817,19,0.979201066,0.979664409,0.0472961%,0.00046,0.979286444,0.979664409,32,True
1561.565,20,0.979201071,0.979664409,0.0472956%,0.00046,0.979286444,0.979664409,35,True
1623.174,21,0.979201034,0.979664409,0.0472994%,0.00046,0.979286444,0.979664409,36,True
1686.142,22,0.979201075,0.979664409,0.0472952%,0.00046,0.979286444,0.979664409,39,True
1722.283,23,0.979201094,0.979664409,0.0472931%,0.00046,0.979286444,0.979664409,42,True
1781.032,24,0.979201085,0.979664409,0.0472941%,0.00046,0.979286444,0.979664409,45,True
1845.247,25,0.979201045,0.979664243,0.0472813%,0.00046,0.979286444,0.979664243,48,True
1878.571,26,0.979201097,0.979664243,0.0472759%,0.00046,0.979286444,0.979664243,51,True
1941.884,27,0.979201103,0.979664243,0.0472754%,0.00046,0.979286444,0.979664243,54,True
1978.452,28,0.979201103,0.979664243,0.0472753%,0.00046,0.979286444,0.979664243,57,True
2007.455,29,0.979201319,0.979664243,0.0472533%,0.00046,0.979286444,0.979664243,60,True
2065.732,30,0.979201872,0.979664243,0.0471969%,0.00046,0.979286444,0.979664243,63,True
2100.227,31,0.979201071,0.979664243,0.0472786%,0.00046,0.979286444,0.979664243,66,True
2167.247,32,0.979201090,0.979664243,0.0472766%,0.00046,0.979286444,0.979664243,69,True
2201.882,33,0.979201072,0.979664243,0.0472785%,0.00046,0.979286444,0.979664243,70,True
2264.588,34,0.979201094,0.979664243,0.0472763%,0.00046,0.979286444,0.979664243,73,True
2298.444,35,0.979201119,0.979664243,0.0472737%,0.00046,0.979286444,0.979664243,76,True
2333.781,36,0.979201122,0.979664243,0.0472735%,0.00046,0.979286444,0.979664243,79,True
2398.514,37,0.979201151,0.979664243,0.0472705%,0.00046,0.979286444,0.979664243,82,True
2431.901,38,0.979201137,0.979664243,0.0472719%,0.00046,0.979286444,0.979664243,85,True
2496.825,39,0.979201185,0.979664243,0.0472670%,0.00046,0.979286444,0.979664243,88,True
2530.153,40,0.979201152,0.979664243,0.0472703%,0.00046,0.979286444,0.979664243,91,True
2565.611,41,0.979201264,0.979664243,0.0472589%,0.00046,0.979286444,0.979664243,94,True
2629.332,42,0.979201264,0.979664243,0.0472589%,0.00046,0.979286444,0.979664243,97,True
2663.598,43,0.979201340,0.979664243,0.0472512%,0.00046,0.979286444,0.979664243,100,True
2696.343,44,0.979201519,0.979664243,0.0472329%,0.00046,0.979286444,0.979664243,103,True
2729.828,45,0.979201133,0.979664243,0.0472722%,0.00046,0.979286444,0.979664243,106,True
2767.493,46,0.979201165,0.979664243,0.0472690%,0.00046,0.979286444,0.979664243,109,True
2803.795,47,0.979201107,0.979664243,0.0472749%,0.00046,0.979286444,0.979664243,112,True
2837.663,48,0.979201174,0.979664243,0.0472681%,0.00046,0.979286444,0.979664243,115,True
2869.035,49,0.979201142,0.979664243,0.0472713%,0.00046,0.979286444,0.979664243,118,True
2900.979,50,0.979201161,0.979664243,0.0472695%,0.00046,0.979286444,0.979664243,121,True
2936.378,51,0.979201530,0.979664243,0.0472317%,0.00046,0.979286444,0.979664243,124,True
2968.539,52,0.979202085,0.979664243,0.0471751%,0.00046,0.979286444,0.979664243,127,True
3009.673,53,0.979201877,0.979664243,0.0471963%,0.00046,0.979286444,0.979664243,130,True
3042.801,54,0.979202196,0.979664243,0.0471638%,0.00046,0.979286444,0.979664243,133,True
3076.102,55,0.979201088,0.979664243,0.0472769%,0.00046,0.979286444,0.979664243,136,True
3166.098,56,0.979201086,0.979664243,0.0472771%,0.00046,0.979286444,0.979664243,139,True
3215.233,57,0.979201116,0.979664243,0.0472740%,0.00046,0.979286444,0.979664243,142,True
3308.653,58,0.979201173,0.979664243,0.0472682%,0.00046,0.979286444,0.979664243,145,True
3339.287,59,0.979201136,0.979664243,0.0472720%,0.00046,0.979286444,0.979664243,148,True
3369.594,60,0.979201268,0.979664243,0.0472585%,0.00046,0.979286444,0.979664243,151,True
3401.363,61,0.979201299,0.979664243,0.0472553%,0.00046,0.979286444,0.979664243,154,True
3494.030,62,0.979201481,0.979664243,0.0472367%,0.00046,0.979286444,0.979664243,157,True
3525.484,63,0.979201619,0.979664243,0.0472227%,0.00046,0.979286444,0.979664243,160,True
3563.382,64,0.979202251,0.979664243,0.0471582%,0.00046,0.979286444,0.979664243,163,True
3594.456,65,0.979202327,0.979664243,0.0471504%,0.00046,0.979286444,0.979664243,166,True
3623.762,66,0.979201103,0.979664243,0.0472754%,0.00046,0.979286444,0.979664243,169,True
3654.575,67,0.979201342,0.979664243,0.0472510%,0.00046,0.979286444,0.979664243,172,True
3684.776,68,0.979201772,0.979664243,0.0472071%,0.00046,0.979286444,0.979664243,175,True
3716.620,69,0.979201688,0.979664243,0.0472157%,0.00046,0.979286444,0.979664243,178,True
3776.994,70,0.979202198,0.979664243,0.0471635%,0.00046,0.979286444,0.979664243,181,True
3809.259,71,0.979201835,0.979664243,0.0472006%,0.00046,0.979286444,0.979664243,184,True
3870.064,72,0.979202091,0.979664243,0.0471745%,0.00046,0.979286444,0.979664243,187,True
3901.848,73,0.979202257,0.979664243,0.0471575%,0.00046,0.979286444,0.979664243,190,True
3933.660,74,0.979202423,0.979664243,0.0471407%,0.00046,0.979286444,0.979664243,193,True
3964.128,75,0.979201288,0.979664243,0.0472565%,0.00046,0.979286444,0.979664243,196,True
3993.294,76,0.979201187,0.979664243,0.0472668%,0.00046,0.979286444,0.979664243,199,True
4021.146,77,0.979201244,0.979664243,0.0472609%,0.00046,0.979286444,0.979664243,202,True
4050.231,78,0.979201314,0.979664243,0.0472538%,0.00046,0.979286444,0.979664243,205,True
4078.675,79,0.979201368,0.979664243,0.0472483%,0.00046,0.979286444,0.979664243,208,True
4106.925,80,0.979201365,0.979664243,0.0472486%,0.00046,0.979286444,0.979664243,211,True
4134.987,81,0.979201359,0.979664243,0.0472492%,0.00046,0.979286444,0.979664243,214,True
4163.114,82,0.979201353,0.979664243,0.0472499%,0.00046,0.979286444,0.979664243,217,True
4191.126,83,0.979201265,0.979664243,0.0472588%,0.00046,0.979286444,0.979664243,220,True
4218.624,84,0.979201254,0.979664243,0.0472599%,0.00046,0.979286444,0.979664243,223,True
4245.450,85,0.979201248,0.979664243,0.0472605%,0.00046,0.979286444,0.979664243,226,True
4277.216,86,0.979201206,0.979664243,0.0472648%,0.00046,0.979286444,0.979664243,229,True
4308.505,87,0.979201151,0.979664243,0.0472705%,0.00046,0.979286444,0.979664243,232,True
4341.378,88,0.979201200,0.979664243,0.0472654%,0.00046,0.979286444,0.979664243,235,True
4373.788,89,0.979201733,0.979664243,0.0472110%,0.00046,0.979286444,0.979664243,236,True
4405.437,90,0.979201706,0.979664243,0.0472138%,0.00046,0.979286444,0.979664243,239,True
4436.951,91,0.979202533,0.979664243,0.0471294%,0.00046,0.979286444,0.979664243,242,True
4466.645,92,0.979201220,0.979664243,0.0472634%,0.00046,0.979286444,0.979664243,245,True
4514.962,93,0.979201429,0.979664243,0.0472421%,0.00046,0.979286444,0.979664243,248,True
4563.030,94,0.979201388,0.979664243,0.0472462%,0.00046,0.979286444,0.979664243,251,True
4612.357,95,0.979201846,0.979664243,0.0471995%,0.00046,0.979286444,0.979664243,254,True
4670.691,96,0.979201861,0.979664243,0.0471979%,0.00046,0.979286444,0.979664243,257,True
4711.855,97,0.979201496,0.979664243,0.0472353%,0.00046,0.979286444,0.979664243,260,True
4754.631,98,0.979201259,0.979664243,0.0472594%,0.00046,0.979286444,0.979664243,263,True
4796.301,99,0.979201866,0.979664243,0.0471974%,0.00046,0.979286444,0.979664243,266,True
4840.009,100,0.979201235,0.979664243,0.0472619%,0.00046,0.979286444,0.979664243,269,True
4882.703,101,0.979201253,0.979664243,0.0472601%,0.00046,0.979286444,0.979664243,272,True
4935.232,102,0.979201245,0.979664243,0.0472609%,0.00046,0.979286444,0.979664243,275,True
5021.937,103,0.979201230,0.979664243,0.0472623%,0.00046,0.979286444,0.979664243,278,True
5082.429,104,0.979201287,0.979664243,0.0472566%,0.00046,0.979286444,0.979664243,281,True
5126.487,105,0.979201327,0.979664243,0.0472525%,0.00046,0.979286444,0.979664243,284,True
5182.358,106,0.979201312,0.979664243,0.0472541%,0.00046,0.979286444,0.979664243,287,True
5213.884,107,0.979201327,0.979664243,0.0472525%,0.00046,0.979286444,0.979664243,290,True
5241.638,108,0.979201258,0.979664243,0.0472596%,0.00046,0.979286444,0.979664243,293,True
5269.023,109,0.979202565,0.979664243,0.0471261%,0.00046,0.979286444,0.979664243,296,True
5295.511,110,0.979202580,0.979664243,0.0471246%,0.00046,0.979286444,0.979664243,299,True
5326.755,111,0.979202587,0.979664243,0.0471239%,0.00046,0.979286444,0.979664243,302,True
5353.742,112,0.979201142,0.979664243,0.0472714%,0.00046,0.979286444,0.979664243,305,True
5411.454,113,0.979201329,0.979664243,0.0472523%,0.00046,0.979286444,0.979664243,308,True
5442.006,114,0.979201987,0.979664243,0.0471851%,0.00046,0.979286444,0.979664243,311,True
5473.424,115,0.979201592,0.979664243,0.0472255%,0.00046,0.979286444,0.979664243,314,True
5531.750,116,0.979202261,0.979664243,0.0471571%,0.00046,0.979286444,0.979664243,317,True
5562.640,117,0.979201951,0.979664243,0.0471888%,0.00046,0.979286444,0.979664243,320,True
5593.851,118,0.979202426,0.979664243,0.0471403%,0.00046,0.979286444,0.979664243,323,True
5625.098,119,0.979202453,0.979664243,0.0471375%,0.00046,0.979286444,0.979664243,326,True
5655.926,120,0.979202248,0.979664243,0.0471585%,0.00046,0.979286444,0.979664243,329,True
5687.074,121,0.979202611,0.979664243,0.0471215%,0.00046,0.979286444,0.979664243,332,True
5718.388,122,0.979202517,0.979664243,0.0471310%,0.00046,0.979286444,0.979664243,335,True
5748.889,123,0.979202159,0.979664243,0.0471675%,0.00046,0.979286444,0.979664243,338,True
5779.378,124,0.979202629,0.979664243,0.0471196%,0.00046,0.979286444,0.979664243,341,True
5809.466,125,0.979202637,0.979664243,0.0471188%,0.00046,0.979286444,0.979664243,344,True
5837.561,126,0.979202670,0.979664243,0.0471154%,0.00046,0.979286444,0.979664243,347,True
5866.695,127,0.979202710,0.979664243,0.0471113%,0.00046,0.979286444,0.979664243,350,True
5897.719,128,0.979202773,0.979664243,0.0471049%,0.00046,0.979286444,0.979664243,353,True
5928.630,129,0.979201205,0.979664243,0.0472650%,0.00046,0.979286444,0.979664243,356,True
5984.675,130,0.979202735,0.979664243,0.0471087%,0.00046,0.979286444,0.979664243,359,True
6012.083,131,0.979202761,0.979664243,0.0471061%,0.00046,0.979286444,0.979664243,362,True
6043.252,132,0.979202802,0.979664243,0.0471019%,0.00046,0.979286444,0.979664243,363,True
6115.034,133,0.979202208,0.979664243,0.0471625%,0.00046,0.979286444,0.979664243,366,True
6235.515,134,0.979201794,0.979664243,0.0472048%,0.00046,0.979286444,0.979664243,369,True
6340.560,135,0.979201663,0.979664243,0.0472182%,0.00046,0.979286444,0.979664243,372,True
6474.845,136,0.979201426,0.979664243,0.0472424%,0.00046,0.979286444,0.979664243,375,True
6719.877,137,0.979201615,0.979664243,0.0472230%,0.00046,0.979286444,0.979664243,378,True
6824.195,138,0.979201210,0.979664243,0.0472644%,0.00046,0.979286444,0.979664243,381,True
6916.133,139,0.979201299,0.979664243,0.0472554%,0.00046,0.979286444,0.979664243,384,True
6989.430,140,0.979201243,0.979664243,0.0472611%,0.00046,0.979286444,0.979664243,387,True
7040.851,141,0.979201553,0.979664243,0.0472295%,0.00046,0.979286444,0.979664243,390,True
7089.675,142,0.979201179,0.979664243,0.0472676%,0.00046,0.979286444,0.979664243,393,True
7128.562,143,0.979201092,0.979664243,0.0472765%,0.00046,0.979286444,0.979664243,396,True
7169.509,144,0.979201098,0.979664243,0.0472759%,0.00046,0.979286444,0.979664243,399,True
7207.834,145,0.979200942,0.979664243,0.0472917%,0.00046,0.979286444,0.979664243,402,True
7249.428,146,0.979200934,0.979664243,0.0472926%,0.00046,0.979286444,0.979664243,403,True
7335.392,147,0.979201014,0.979664243,0.0472844%,0.00046,0.979286444,0.979664243,406,True
7463.885,148,0.979200947,0.979664243,0.0472913%,0.00046,0.979286444,0.979664243,409,True
7509.027,149,0.979201746,0.979664243,0.0472097%,0.00046,0.979286444,0.979664243,412,True
7553.665,150,0.979201543,0.979664243,0.0472304%,0.00046,0.979286444,0.979664243,415,True
7593.351,151,0.979201059,0.979664243,0.0472799%,0.00046,0.979286444,0.979664243,418,True
7635.051,152,0.979201016,0.979664243,0.0472842%,0.00046,0.979286444,0.979664243,421,True
7682.735,153,0.979201027,0.979664243,0.0472831%,0.00046,0.979286444,0.979664243,424,True
7727.111,154,0.979201040,0.979664243,0.0472817%,0.00046,0.979286444,0.979664243,427,True
7769.162,155,0.979201056,0.979664243,0.0472801%,0.00046,0.979286444,0.979664243,430,True
7814.942,156,0.979201049,0.979664243,0.0472809%,0.00046,0.979286444,0.979664243,433,True
7859.569,157,0.979201051,0.979664243,0.0472807%,0.00046,0.979286444,0.979664243,436,True
7900.884,158,0.979201026,0.979664243,0.0472832%,0.00046,0.979286444,0.979664243,439,True
7945.222,159,0.979201025,0.979664243,0.0472833%,0.00046,0.979286444,0.979664243,442,True
7989.782,160,0.979201021,0.979664243,0.0472837%,0.00046,0.979286444,0.979664243,445,True
8035.266,161,0.979201022,0.979664243,0.0472837%,0.00046,0.979286444,0.979664243,448,True
8080.436,162,0.979201027,0.979664243,0.0472832%,0.00046,0.979286444,0.979664243,451,True
8127.139,163,0.979201028,0.979664243,0.0472830%,0.00046,0.979286444,0.979664243,454,True
8176.902,164,0.979201027,0.979664243,0.0472831%,0.00046,0.979286444,0.979664243,457,True
8231.451,165,0.979201389,0.979664243,0.0472461%,0.00046,0.979286444,0.979664243,460,True
8281.528,166,0.979201029,0.979664243,0.0472829%,0.00046,0.979286444,0.979664243,461,True
8328.550,167,0.979202128,0.979664243,0.0471707%,0.00046,0.979286444,0.979664243,462,True
8331.298,168,0.979202209,0.979664243,0.0471625%,0.00046,0.979286444,0.979664243,465,True
8382.582,169,0.979202214,0.979664243,0.0471620%,0.00046,0.979286444,0.979664243,468,True
8439.791,170,0.979202137,0.979664243,0.0471698%,0.00046,0.979286444,0.979664243,471,True
8496.588,171,0.979202405,0.979664243,0.0471425%,0.00046,0.979286444,0.979664243,474,True
8553.731,172,0.979202150,0.979664243,0.0471685%,0.00046,0.979286444,0.979664243,477,True
8607.607,173,0.979202059,0.979664243,0.0471778%,0.00046,0.979286444,0.979664243,480,True
8666.538,174,0.979202198,0.979664243,0.0471635%,0.00046,0.979286444,0.979664243,483,True
8717.620,175,0.979202174,0.979664243,0.0471660%,0.00046,0.979286444,0.979664243,486,True
8758.131,176,0.979201652,0.979664243,0.0472193%,0.00046,0.979286444,0.979664243,489,True
8799.286,177,0.979202158,0.979664243,0.0471676%,0.00046,0.979286444,0.979664243,492,True
8841.043,178,0.979201720,0.979664243,0.0472124%,0.00046,0.979286444,0.979664243,495,True
8883.723,179,0.979201699,0.979664243,0.0472145%,0.00046,0.979286444,0.979664243,498,True
8929.738,180,0.979201545,0.979664243,0.0472302%,0.00046,0.979286444,0.979664243,501,True
8976.299,181,0.979201589,0.979664243,0.0472257%,0.00046,0.979286444,0.979664243,504,True
9019.960,182,0.979201996,0.979664243,0.0471842%,0.00046,0.979286444,0.979664243,507,True
9066.836,183,0.979201582,0.979664243,0.0472264%,0.00046,0.979286444,0.979664243,510,True
9112.309,184,0.979201577,0.979664243,0.0472270%,0.00046,0.979286444,0.979664243,511,True
9195.021,185,0.979201478,0.979664243,0.0472371%,0.00046,0.979286444,0.979664243,514,True
9240.423,186,0.979201491,0.979664243,0.0472357%,0.00046,0.979286444,0.979664243,517,True
9293.576,187,0.979201566,0.979664243,0.0472281%,0.00046,0.979286444,0.979664243,520,True
9345.725,188,0.979201647,0.979664243,0.0472199%,0.00046,0.979286444,0.979664243,523,True
9399.260,189,0.979201577,0.979664243,0.0472270%,0.00046,0.979286444,0.979664243,526,True
9456.176,190,0.979201556,0.979664243,0.0472291%,0.00046,0.979286444,0.979664243,529,True
9513.845,191,0.979201526,0.979664243,0.0472322%,0.00046,0.979286444,0.979664243,532,True
9569.821,192,0.979201463,0.979664243,0.0472386%,0.00046,0.979286444,0.979664243,535,True
9624.761,193,0.979201465,0.979664243,0.0472384%,0.00046,0.979286444,0.979664243,538,True
9681.398,194,0.979201453,0.979664243,0.0472396%,0.00046,0.979286444,0.979664243,541,True
9780.112,195,0.979201455,0.979664243,0.0472394%,0.00046,0.979286444,0.979664243,544,True
9824.299,196,0.979201457,0.979664243,0.0472393%,0.00046,0.979286444,0.979664243,547,True
9871.174,197,0.979201456,0.979664243,0.0472393%,0.00046,0.979286444,0.979664243,550,True
9919.163,198,0.979201450,0.979664243,0.0472399%,0.00046,0.979286444,0.979664243,553,True
9967.239,199,0.979201453,0.979664243,0.0472396%,0.00046,0.979286444,0.979664243,554,True
10015.073,200,0.979201457,0.979664243,0.0472392%,0.00046,0.979286444,0.979664243,555,True
10066.653,201,0.979201669,0.979664243,0.0472176%,0.00046,0.979286444,0.979664243,556,True
10069.458,202,0.979201660,0.979664243,0.0472185%,0.00046,0.979286444,0.979664243,559,True
10123.732,203,0.979201662,0.979664243,0.0472183%,0.00046,0.979286444,0.979664243,562,True
10178.884,204,0.979201725,0.979664243,0.0472119%,0.00046,0.979286444,0.979664243,565,True
10237.765,205,0.979201665,0.979664243,0.0472180%,0.00046,0.979286444,0.979664243,568,True
10284.903,206,0.979201667,0.979664243,0.0472178%,0.00046,0.979286444,0.979664243,569,True
10359.226,207,0.979201666,0.979664243,0.0472179%,0.00046,0.979286444,0.979664243,570,True
10439.161,208,0.979201639,0.979664243,0.0472206%,0.00046,0.979286444,0.979664243,571,True
10570.484,209,0.979201665,0.979664243,0.0472180%,0.00046,0.979286444,0.979664243,572,True
10697.901,210,0.979201665,0.979664243,0.0472180%,0.00046,0.979286444,0.979664243,573,True
